<?xml version="1.0" encoding="UTF-8" ?>
<m48SkinFile>
	<global>
		<title>Real 48GX [iPhone Retina]</title>
		<author>Staffan Sevón</author>
		<message>Based on a scan of original calculator.</message>
		<hardware>Yorke</hardware>
		<model>G</model>
		<framerate>24</framerate>
		<rom>
            <filename>/ROMs/HP48G/rom.48g</filename>
			<patch>
				<filename>/ROMs/HP48G/beeppatch.48g</filename>
			</patch>
        </rom>
		<soundfiles>
			<soundfile>
				<id>1</id>
				<filename>../Sounds/tock.wav</filename>
			</soundfile>
		</soundfiles>
		<lcdsettings>
			<colors>
				<color><red>  0</red><green>  0</green><blue>  0</blue><alpha>255</alpha></color>
				<color><red>  0</red><green>  0</green><blue>  0</blue><alpha>255</alpha></color>
				<color><red>  0</red><green>  0</green><blue>  0</blue><alpha>255</alpha></color>
				<color><red>  0</red><green>  0</green><blue>  0</blue><alpha>255</alpha></color>
				<color><red>  0</red><green>  0</green><blue>  0</blue><alpha>255</alpha></color>
				<color><red>  0</red><green>  0</green><blue>  0</blue><alpha>255</alpha></color>
				<color><red>  0</red><green>  0</green><blue>  0</blue><alpha>255</alpha></color>
				<color><red>  0</red><green>  0</green><blue>  0</blue><alpha>255</alpha></color>
				<color><red>  0</red><green>  0</green><blue>  0</blue><alpha>255</alpha></color>
				
				<color><red>  0</red><green>  0</green><blue>  0</blue><alpha>  0</alpha></color>
				<color><red>  0</red><green>  0</green><blue>  0</blue><alpha> 51</alpha></color>
				<color><red>  0</red><green>  0</green><blue>  0</blue><alpha>102</alpha></color>
				<color><red>  0</red><green>  0</green><blue>  0</blue><alpha>153</alpha></color>
				<color><red>  0</red><green>  0</green><blue>  0</blue><alpha>204</alpha></color>
				
				<color><red>  0</red><green>  0</green><blue>  0</blue><alpha>255</alpha></color>
				
				<color><red>  0</red><green>  0</green><blue>  0</blue><alpha>255</alpha></color>
				<color><red>  0</red><green>  0</green><blue>  0</blue><alpha>255</alpha></color>
				<color><red>  0</red><green>  0</green><blue>  0</blue><alpha>255</alpha></color>
				<color><red>  0</red><green>  0</green><blue>  0</blue><alpha>255</alpha></color>
				<color><red>  0</red><green>  0</green><blue>  0</blue><alpha>255</alpha></color>
				<color><red>202</red><green>221</green><blue> 92</blue><alpha>255</alpha></color>
				<color><red>  0</red><green>  0</green><blue>  0</blue><alpha>255</alpha></color>
				<color><red>255</red><green>255</green><blue>255</blue><alpha>255</alpha></color>
				<color><red> 60</red><green> 65</green><blue>118</blue><alpha>255</alpha></color>
				<color><red>133</red><green>172</green><blue>162</blue><alpha>255</alpha></color>
				
				<color><red>  0</red><green>  0</green><blue>  0</blue><alpha>255</alpha></color>
				<color><red>  0</red><green>  0</green><blue>  0</blue><alpha>255</alpha></color>
				<color><red>  0</red><green>  0</green><blue>  0</blue><alpha>255</alpha></color>
				<color><red>  0</red><green>  0</green><blue>  0</blue><alpha>255</alpha></color>
				<color><red>  0</red><green>  0</green><blue>  0</blue><alpha>255</alpha></color>
				<color><red>  0</red><green>  0</green><blue>  0</blue><alpha>255</alpha></color>
				<color><red>  0</red><green>  0</green><blue>  0</blue><alpha>255</alpha></color>
				
				
				
				<color><red>  0</red><green>  0</green><blue>  0</blue><alpha>  0</alpha></color>
				<color><red>  0</red><green>  0</green><blue>  0</blue><alpha>  0</alpha></color>
				<color><red>  0</red><green>  0</green><blue>  0</blue><alpha>  0</alpha></color>
				<color><red>  0</red><green>  0</green><blue>  0</blue><alpha>  0</alpha></color>
				<color><red>  0</red><green>  0</green><blue>  0</blue><alpha>  0</alpha></color>
				<color><red>  0</red><green>  0</green><blue>  0</blue><alpha>  0</alpha></color>
				<color><red>  0</red><green>  0</green><blue>  0</blue><alpha>  0</alpha></color>
				<color><red>  0</red><green>  0</green><blue>  0</blue><alpha>  0</alpha></color>
				<color><red>  0</red><green>  0</green><blue>  0</blue><alpha>  0</alpha></color>
				
				<color><red>  0</red><green>  0</green><blue>  0</blue><alpha>  0</alpha></color>
				<color><red>  0</red><green>  0</green><blue>  0</blue><alpha>  0</alpha></color>
				<color><red>  0</red><green>  0</green><blue>  0</blue><alpha>  0</alpha></color>
				<color><red>  0</red><green>  0</green><blue>  0</blue><alpha>  0</alpha></color>
				<color><red>  0</red><green>  0</green><blue>  0</blue><alpha>  0</alpha></color>
				
				<color><red>  0</red><green>  0</green><blue>  0</blue><alpha>  0</alpha></color>
				
				<color><red>  0</red><green>  0</green><blue>  0</blue><alpha> 51</alpha></color>
				<color><red>  0</red><green>  0</green><blue>  0</blue><alpha>102</alpha></color>
				<color><red>  0</red><green>  0</green><blue>  0</blue><alpha>153</alpha></color>
				<color><red>  0</red><green>  0</green><blue>  0</blue><alpha>204</alpha></color>
				<color><red>  0</red><green>  0</green><blue>  0</blue><alpha>255</alpha></color>
				<color><red>  0</red><green>  0</green><blue>  0</blue><alpha>255</alpha></color>
				<color><red> 68</red><green> 68</green><blue> 68</blue><alpha>255</alpha></color>
				<color><red>  0</red><green>  0</green><blue>  0</blue><alpha>255</alpha></color>
				<color><red>133</red><green>172</green><blue>162</blue><alpha>255</alpha></color>
				<color><red> 60</red><green> 65</green><blue>118</blue><alpha>255</alpha></color>
				
				<color><red>  0</red><green>  0</green><blue>  0</blue><alpha>  0</alpha></color>
				<color><red>  0</red><green>  0</green><blue>  0</blue><alpha>  0</alpha></color>
				<color><red>  0</red><green>  0</green><blue>  0</blue><alpha>  0</alpha></color>
				<color><red>  0</red><green>  0</green><blue>  0</blue><alpha>  0</alpha></color>
				<color><red>  0</red><green>  0</green><blue>  0</blue><alpha>  0</alpha></color>
				<color><red>  0</red><green>  0</green><blue>  0</blue><alpha>  0</alpha></color>
				<color><red>  0</red><green>  0</green><blue>  0</blue><alpha>  0</alpha></color>
			</colors>
			<interpolation><disabled /></interpolation>	
		</lcdsettings>
	</global>
    
    <orientations>
        <orientation>
            <portrait />
            
            <texturefile>
                <filename>Real48GX_HD.png</filename>
                <zoom>0.5</zoom>
            </texturefile>
            
            <viewport>
                <origin><x>      0</x>    <y>       0</y>     </origin>
                <size>	<width>320</width><height>480</height></size>
                <zoom>2.0</zoom>
            </viewport>       
              
            <background>
                <color><red>  0</red><green>  0</green><blue>  0</blue><alpha>255</alpha></color>
            </background>
            
            <lcds>
				<lcd>
					<zorder>3</zorder>
					<screen>
						<origin><x>      1</x>    <y>       0</y>     </origin>
						<size>	<width>318</width><height>154</height></size>
					</screen>
				</lcd>
			</lcds>
            
            <faces>
                <!-- Background for lcd -->
                <face>
                    <zorder>2</zorder>
					<screen>
						<origin><x>      1</x>    <y>       0</y>     </origin>
						<size>	<width>318</width><height>154</height></size>
					</screen>
					<color><red>202</red><green>221</green><blue> 92</blue><alpha>255</alpha></color>
                </face>	
                <face>
					<!-- basic view --> 
                    <zorder>1</zorder>
                    <texture>
                        <origin><x>      0</x>    <y>      32</y>     </origin>
                        <size>	<width>320</width><height>480</height></size>
                    </texture>
                    <screen>
                        <origin><x>      0</x>    <y>       0</y>     </origin>
                        <size>	<width>320</width><height>480</height></size>
                    </screen>
                </face>    
				
                <face>
					<!-- alpha view --> 
                    <zorder>3</zorder>
                    <logics>
                        <logic>XX1XXX</logic>
                    </logics>
                    <texture>
                        <origin><x>     31</x>    <y>       0</y>     </origin>
                        <size>	<width> 15</width><height> 11</height></size>
                    </texture>
                    <screen>
                        <origin><x>     10</x>    <y>      25</y>     </origin>
                        <size>	<width> 15</width><height> 11</height></size>
                    </screen>
                </face>	
				<face>
					<!-- shift left view --> 
                    <zorder>3</zorder>
                    <logics>
                        <logic>1XXXXX</logic>
                    </logics>
                    <texture>
                        <origin><x>      0</x>    <y>       0</y>     </origin>
                        <size>	<width> 15</width><height> 11</height></size>
                    </texture>
                    <screen>
                        <origin><x>     10</x>    <y>      45</y>     </origin>
                        <size>	<width> 15</width><height> 11</height></size>
                    </screen>
                </face>

                <face>
					<!-- shift right view --> 
                    <zorder>3</zorder>
                    <logics>
                        <logic>X1XXXX</logic>
                    </logics>
                    <texture>
                        <origin><x>     15</x>    <y>       0</y>     </origin>
                        <size>	<width> 16</width><height> 11</height></size>
                    </texture>
                    <screen>
                        <origin><x>     10</x>    <y>      65</y>     </origin>
                        <size>	<width> 15</width><height> 11</height></size>
                    </screen>
                </face>
                <face>
					<!-- wait view --> 
                    <zorder>3</zorder>
                    <logics>
                        <logic>XXXX1X</logic>
                    </logics>
                    <texture>
                        <origin><x>     63</x>    <y>       0</y>     </origin>
                        <size>	<width> 15</width><height> 11</height></size>
                    </texture>
                    <screen>
                        <origin><x>    296</x>    <y>      25</y>     </origin>
                        <size>	<width> 15</width><height> 11</height></size>
                    </screen>
                </face>	
                <face>
					<!-- battery view --> 
                    <zorder>3</zorder>
                    <logics>
                        <logic>XXX1XX</logic>
                    </logics>
                    <texture>
                        <origin><x>     48</x>    <y>       0</y>     </origin>
                        <size>	<width> 15</width><height> 11</height></size>
                    </texture>
                    <screen>
                        <origin><x>    295</x>    <y>      45</y>     </origin>
                        <size>	<width> 15</width><height> 11</height></size>
                    </screen>
                </face>	
				
                <face>
					<!-- IO view --> 
                    <zorder>3</zorder>
                    <logics>
                        <logic>XXXXX1</logic>
                    </logics>
                    <texture>
                        <origin><x>     78</x>    <y>       0</y>     </origin>
                        <size>	<width> 15</width><height> 11</height></size>
                    </texture>
                    <screen>
                        <origin><x>    295</x>    <y>      65</y>     </origin>
                        <size>	<width> 15</width><height> 11</height></size>
                    </screen>
                </face>	
            </faces>  
			  
            <buttons>			
                <button>
                    <!-- MENU -->
                    <type>menu</type>
                    <zorder>6</zorder>
					<screen>
						<origin><x>     29</x>    <y>      25</y>     </origin>
						<size>	<width>262</width><height>120</height></size>
					</screen>
                </button>
				
                <button>
                    <!-- A -->
                    <type>normal</type>
                    <zorder>6</zorder>
                    <toucharea>
                        <origin><x>      5</x>    <y>     144</y>     </origin>
                        <size>  <width> 52</width><height> 38</height></size>
                    </toucharea>
                    <screen>
                        <origin><x>    -19</x>    <y>     116</y>     </origin>
                        <size>  <width>100</width><height>100</height></size>
                    </screen>
					<texture>
                        <origin><x>    412</x>    <y>       0</y>     </origin>
                        <size>  <width>100</width><height>100</height></size>
					</texture>
                    <color><red>255</red><green>255</green><blue>255</blue><alpha>255</alpha></color>
					<animation>
						<fadein>0</fadein>
						<holdon>1</holdon>
						<fadeout>10</fadeout>
					</animation>
                    <out>1</out><in>16</in>
                	<sound>
						<ondown>1</ondown>
					</sound>
                </button>
                <button>
                    <!-- B -->
                    <type>normal</type>
                    <zorder>6</zorder>
                    <toucharea>
                        <origin><x>     57</x>    <y>     144</y>     </origin>
                        <size>  <width> 52</width><height> 38</height></size>
                    </toucharea>
                    <screen>
                        <origin><x>     33</x>    <y>     116</y>     </origin>
                        <size>  <width>100</width><height>100</height></size>
                    </screen>
                    <texture>
                        <origin><x>    412</x>    <y>       0</y>     </origin>
                        <size>  <width>100</width><height>100</height></size>
					</texture>
                    <color><red>255</red><green>255</green><blue>255</blue><alpha>255</alpha></color>
					<animation>
						<fadein>0</fadein>
						<holdon>1</holdon>
						<fadeout>10</fadeout>
					</animation>
                    <out>8</out><in>16</in>
                	<sound>
						<ondown>1</ondown>
					</sound>
                </button>
                <button>
                    <!-- C -->
                    <type>normal</type>
                    <zorder>6</zorder>
                    <toucharea>
                        <origin><x>    109</x>    <y>     144</y>     </origin>
                        <size>  <width> 52</width><height> 38</height></size>
                    </toucharea>
                    <screen>
                        <origin><x>     85</x>    <y>     116</y>     </origin>
                        <size>  <width>100</width><height>100</height></size>
                    </screen>
                    <texture>
                        <origin><x>    412</x>    <y>       0</y>     </origin>
                        <size>  <width>100</width><height>100</height></size>
					</texture>
                    <color><red>255</red><green>255</green><blue>255</blue><alpha>255</alpha></color>
					<animation>
						<fadein>0</fadein>
						<holdon>1</holdon>
						<fadeout>10</fadeout>
					</animation>
                    <out>8</out><in>8</in>
                	<sound>
						<ondown>1</ondown>
					</sound>
                </button>
                <button>
                    <!-- D -->
                    <type>normal</type>
                    <zorder>6</zorder>
                    <toucharea>
                        <origin><x>    161</x>    <y>     144</y>     </origin>
                        <size>  <width> 52</width><height> 38</height></size>
                    </toucharea>
                    <screen>
                        <origin><x>    137</x>    <y>     116</y>     </origin>
                        <size>  <width>100</width><height>100</height></size>
                    </screen>
                    <texture>
                        <origin><x>    412</x>    <y>       0</y>     </origin>
                        <size>  <width>100</width><height>100</height></size>
					</texture>
                    <color><red>255</red><green>255</green><blue>255</blue><alpha>255</alpha></color>
					<animation>
						<fadein>0</fadein>
						<holdon>1</holdon>
						<fadeout>10</fadeout>
					</animation>
                    <out>8</out><in>4</in>
                	<sound>
						<ondown>1</ondown>
					</sound>
                </button>
                <button>
                    <!-- E -->
                    <type>normal</type>
                    <zorder>6</zorder>
                    <toucharea>
                        <origin><x>    213</x>    <y>     144</y>     </origin>
                        <size>  <width> 52</width><height> 38</height></size>
                    </toucharea>
                    <screen>
                        <origin><x>    189</x>    <y>     116</y>     </origin>
                        <size>  <width>100</width><height>100</height></size>
                    </screen>
                    <texture>
                        <origin><x>    412</x>    <y>       0</y>     </origin>
                        <size>  <width>100</width><height>100</height></size>
					</texture>
                    <color><red>255</red><green>255</green><blue>255</blue><alpha>255</alpha></color>
					<animation>
						<fadein>0</fadein>
						<holdon>1</holdon>
						<fadeout>10</fadeout>
					</animation>
                    <out>8</out><in>2</in>
                	<sound>
						<ondown>1</ondown>
					</sound>
                </button>
                <button>
                    <!-- F -->
                    <type>normal</type>
                    <zorder>6</zorder>
                    <toucharea>
                        <origin><x>    265</x>    <y>     144</y>     </origin>
                        <size>  <width> 52</width><height> 38</height></size>
                    </toucharea>
                    <screen>
                        <origin><x>    241</x>    <y>     116</y>     </origin>
                        <size>  <width>100</width><height>100</height></size>
                    </screen>
                    <texture>
                        <origin><x>    412</x>    <y>       0</y>     </origin>
                        <size>  <width>100</width><height>100</height></size>
					</texture>
                    <color><red>255</red><green>255</green><blue>255</blue><alpha>255</alpha></color>
					<animation>
						<fadein>0</fadein>
						<holdon>1</holdon>
						<fadeout>10</fadeout>
					</animation>
                    <out>8</out><in>1</in>
                	<sound>
						<ondown>1</ondown>
					</sound>
                </button>

                <button>
                    <!-- G -->
                    <type>normal</type>
                    <zorder>6</zorder>
                    <toucharea>
                        <origin><x>      5</x>    <y>     182</y>     </origin>
                        <size>  <width> 52</width><height> 38</height></size>
                    </toucharea>
                    <screen>
                        <origin><x>    -19</x>    <y>     154</y>     </origin>
                        <size>  <width>100</width><height>100</height></size>
                    </screen>
                    <texture>
                        <origin><x>    412</x>    <y>       0</y>     </origin>
                        <size>  <width>100</width><height>100</height></size>
					</texture>
                    <color><red>255</red><green>255</green><blue>255</blue><alpha>255</alpha></color>
					<animation>
						<fadein>0</fadein>
						<holdon>1</holdon>
						<fadeout>10</fadeout>
					</animation>
                    <out>2</out><in>16</in>
                	<sound>
						<ondown>1</ondown>
					</sound>
                </button>
                <button>
                    <!-- H -->
                    <type>normal</type>
                    <zorder>6</zorder>
                    <toucharea>
                        <origin><x>     57</x>    <y>     182</y>     </origin>
                        <size>  <width> 52</width><height> 38</height></size>
                    </toucharea>
                    <screen>
                        <origin><x>     33</x>    <y>     154</y>     </origin>
                        <size>  <width>100</width><height>100</height></size>
                    </screen>
                    <texture>
                        <origin><x>    412</x>    <y>       0</y>     </origin>
                        <size>  <width>100</width><height>100</height></size>
					</texture>
                    <color><red>255</red><green>255</green><blue>255</blue><alpha>255</alpha></color>
					<animation>
						<fadein>0</fadein>
						<holdon>1</holdon>
						<fadeout>10</fadeout>
					</animation>
                    <out>7</out><in>16</in>
                	<sound>
						<ondown>1</ondown>
					</sound>
                </button>
                <button>
                    <!-- I -->
                    <type>normal</type>
                    <zorder>6</zorder>
                    <toucharea>
                        <origin><x>    109</x>    <y>     182</y>     </origin>
                        <size>  <width> 52</width><height> 38</height></size>
                    </toucharea>
                    <screen>
                        <origin><x>     85</x>    <y>     154</y>     </origin>
                        <size>  <width>100</width><height>100</height></size>
                    </screen>
                    <texture>
                        <origin><x>    412</x>    <y>       0</y>     </origin>
                        <size>  <width>100</width><height>100</height></size>
					</texture>
                    <color><red>255</red><green>255</green><blue>255</blue><alpha>255</alpha></color>
					<animation>
						<fadein>0</fadein>
						<holdon>1</holdon>
						<fadeout>10</fadeout>
					</animation>
                    <out>7</out><in>8</in>
                	<sound>
						<ondown>1</ondown>
					</sound>
                </button>
                <button>
                    <!-- J -->
                    <type>normal</type>
                    <zorder>6</zorder>
                    <toucharea>
                        <origin><x>    161</x>    <y>     182</y>     </origin>
                        <size>  <width> 52</width><height> 38</height></size>
                    </toucharea>
                    <screen>
                        <origin><x>    137</x>    <y>     154</y>     </origin>
                        <size>  <width>100</width><height>100</height></size>
                    </screen>
                    <texture>
                        <origin><x>    412</x>    <y>       0</y>     </origin>
                        <size>  <width>100</width><height>100</height></size>
					</texture>
                    <color><red>255</red><green>255</green><blue>255</blue><alpha>255</alpha></color>
					<animation>
						<fadein>0</fadein>
						<holdon>1</holdon>
						<fadeout>10</fadeout>
					</animation>
                    <out>7</out><in>4</in>
                	<sound>
						<ondown>1</ondown>
					</sound>
                </button>
                <button>
                    <!-- K -->
                    <type>normal</type>
                    <zorder>6</zorder>
                    <toucharea>
                        <origin><x>    213</x>    <y>     182</y>     </origin>
                        <size>  <width> 52</width><height> 38</height></size>
                    </toucharea>
                    <screen>
                        <origin><x>    189</x>    <y>     154</y>     </origin>
                        <size>  <width>100</width><height>100</height></size>
                    </screen>
                    <texture>
                        <origin><x>    412</x>    <y>       0</y>     </origin>
                        <size>  <width>100</width><height>100</height></size>
					</texture>
                    <color><red>255</red><green>255</green><blue>255</blue><alpha>255</alpha></color>
					<animation>
						<fadein>0</fadein>
						<holdon>1</holdon>
						<fadeout>10</fadeout>
					</animation>
                    <out>7</out><in>2</in>
                	<sound>
						<ondown>1</ondown>
					</sound>
                </button>
                <button>
                    <!-- L -->
                    <type>normal</type>
                    <zorder>6</zorder>
                    <toucharea>
                        <origin><x>    265</x>    <y>     182</y>     </origin>
                        <size>  <width> 52</width><height> 38</height></size>
                    </toucharea>
                    <screen>
                        <origin><x>    241</x>    <y>     154</y>     </origin>
                        <size>  <width>100</width><height>100</height></size>
                    </screen>
                    <texture>
                        <origin><x>    412</x>    <y>       0</y>     </origin>
                        <size>  <width>100</width><height>100</height></size>
					</texture>
                    <color><red>255</red><green>255</green><blue>255</blue><alpha>255</alpha></color>
					<animation>
						<fadein>0</fadein>
						<holdon>1</holdon>
						<fadeout>10</fadeout>
					</animation>
                    <out>7</out><in>1</in>
                	<sound>
						<ondown>1</ondown>
					</sound>
                </button>
                
                <button>
                    <!-- M -->
                    <type>normal</type>
                    <zorder>6</zorder>
                    <toucharea>
                        <origin><x>      5</x>    <y>     220</y>     </origin>
                        <size>  <width> 52</width><height> 38</height></size>
                    </toucharea>
                    <screen>
                        <origin><x>    -19</x>    <y>     192</y>     </origin>
                        <size>  <width>100</width><height>100</height></size>
                    </screen>
                    <texture>
                        <origin><x>    412</x>    <y>       0</y>     </origin>
                        <size>  <width>100</width><height>100</height></size>
					</texture>
                    <color><red>255</red><green>255</green><blue>255</blue><alpha>255</alpha></color>
					<animation>
						<fadein>0</fadein>
						<holdon>1</holdon>
						<fadeout>10</fadeout>
					</animation>
                    <out>0</out><in>16</in>
                	<sound>
						<ondown>1</ondown>
					</sound>
                </button>
                <button>
                    <!-- N -->
                    <type>normal</type>
                    <zorder>6</zorder>
                    <toucharea>
                        <origin><x>     57</x>    <y>     220</y>     </origin>
                        <size>  <width> 52</width><height> 38</height></size>
                    </toucharea>
                    <screen>
                        <origin><x>     33</x>    <y>     192</y>     </origin>
                        <size>  <width>100</width><height>100</height></size>
                    </screen>
                    <texture>
                        <origin><x>    412</x>    <y>       0</y>     </origin>
                        <size>  <width>100</width><height>100</height></size>
					</texture>
                    <color><red>255</red><green>255</green><blue>255</blue><alpha>255</alpha></color>
					<animation>
						<fadein>0</fadein>
						<holdon>1</holdon>
						<fadeout>10</fadeout>
					</animation>
                    <out>6</out><in>16</in>
                	<sound>
						<ondown>1</ondown>
					</sound>
                </button>
                <button>
                    <!-- O -->
                    <type>normal</type>
                    <zorder>6</zorder>
                    <toucharea>
                        <origin><x>    109</x>    <y>     220</y>     </origin>
                        <size>  <width> 52</width><height> 38</height></size>
                    </toucharea>
                    <screen>
                        <origin><x>     85</x>    <y>     192</y>     </origin>
                        <size>  <width>100</width><height>100</height></size>
                    </screen>
                    <texture>
                        <origin><x>    412</x>    <y>       0</y>     </origin>
                        <size>  <width>100</width><height>100</height></size>
					</texture>
                    <color><red>255</red><green>255</green><blue>255</blue><alpha>255</alpha></color>
					<animation>
						<fadein>0</fadein>
						<holdon>1</holdon>
						<fadeout>10</fadeout>
					</animation>
                    <out>6</out><in>8</in>
                	<sound>
						<ondown>1</ondown>
					</sound>
                </button>
                <button>
                    <!-- P -->
                    <type>normal</type>
                    <zorder>6</zorder>
                    <toucharea>
                        <origin><x>    161</x>    <y>     220</y>     </origin>
                        <size>  <width> 52</width><height> 38</height></size>
                    </toucharea>
                    <screen>
                        <origin><x>    137</x>    <y>     192</y>     </origin>
                        <size>  <width>100</width><height>100</height></size>
                    </screen>
                    <texture>
                        <origin><x>    412</x>    <y>       0</y>     </origin>
                        <size>  <width>100</width><height>100</height></size>
					</texture>
                    <color><red>255</red><green>255</green><blue>255</blue><alpha>255</alpha></color>
					<animation>
						<fadein>0</fadein>
						<holdon>1</holdon>
						<fadeout>10</fadeout>
					</animation>
                    <out>6</out><in>4</in>
                	<sound>
						<ondown>1</ondown>
					</sound>
                </button>
                <button>
                    <!-- Q -->
                    <type>normal</type>
                    <zorder>6</zorder>
                    <toucharea>
                        <origin><x>    213</x>    <y>     220</y>     </origin>
                        <size>  <width> 52</width><height> 38</height></size>
                    </toucharea>
                    <screen>
                        <origin><x>    189</x>    <y>     192</y>     </origin>
                        <size>  <width>100</width><height>100</height></size>
                    </screen>
                    <texture>
                        <origin><x>    412</x>    <y>       0</y>     </origin>
                        <size>  <width>100</width><height>100</height></size>
					</texture>
                    <color><red>255</red><green>255</green><blue>255</blue><alpha>255</alpha></color>
					<animation>
						<fadein>0</fadein>
						<holdon>1</holdon>
						<fadeout>10</fadeout>
					</animation>
                    <out>6</out><in>2</in>
                	<sound>
						<ondown>1</ondown>
					</sound>
                </button>
                <button>
                    <!-- R -->
                    <type>normal</type>
                    <zorder>6</zorder>
                    <toucharea>
                        <origin><x>    265</x>    <y>     220</y>     </origin>
                        <size>  <width> 52</width><height> 38</height></size>
                    </toucharea>
                    <screen>
                        <origin><x>    241</x>    <y>     192</y>     </origin>
                        <size>  <width>100</width><height>100</height></size>
                    </screen>
                    <texture>
                        <origin><x>    412</x>    <y>       0</y>     </origin>
                        <size>  <width>100</width><height>100</height></size>
					</texture>
                    <color><red>255</red><green>255</green><blue>255</blue><alpha>255</alpha></color>
					<animation>
						<fadein>0</fadein>
						<holdon>1</holdon>
						<fadeout>10</fadeout>
					</animation>
                    <out>6</out><in>1</in>
                	<sound>
						<ondown>1</ondown>
					</sound>
                </button>
                
                <button>
                    <!-- S -->
                    <type>normal</type>
                    <zorder>6</zorder>
                    <toucharea>
                        <origin><x>      5</x>    <y>     258</y>     </origin>
                        <size>  <width> 52</width><height> 38</height></size>
                    </toucharea>
                    <screen>
                        <origin><x>    -19</x>    <y>     230</y>     </origin>
                        <size>  <width>100</width><height>100</height></size>
                    </screen>
                    <texture>
                        <origin><x>    412</x>    <y>       0</y>     </origin>
                        <size>  <width>100</width><height>100</height></size>
					</texture>
                    <color><red>255</red><green>255</green><blue>255</blue><alpha>255</alpha></color>
					<animation>
						<fadein>0</fadein>
						<holdon>1</holdon>
						<fadeout>10</fadeout>
					</animation>
                    <out>3</out><in>16</in>
                	<sound>
						<ondown>1</ondown>
					</sound>
                </button>
                <button>
                    <!-- T -->
                    <type>normal</type>
                    <zorder>6</zorder>
                    <toucharea>
                        <origin><x>     57</x>    <y>     258</y>     </origin>
                        <size>  <width> 52</width><height> 38</height></size>
                    </toucharea>
                    <screen>
                        <origin><x>     33</x>    <y>     230</y>     </origin>
                        <size>  <width>100</width><height>100</height></size>
                    </screen>
                    <texture>
                        <origin><x>    412</x>    <y>       0</y>     </origin>
                        <size>  <width>100</width><height>100</height></size>
					</texture>
                    <color><red>255</red><green>255</green><blue>255</blue><alpha>255</alpha></color>
					<animation>
						<fadein>0</fadein>
						<holdon>1</holdon>
						<fadeout>10</fadeout>
					</animation>
                    <out>5</out><in>16</in>
                	<sound>
						<ondown>1</ondown>
					</sound>
                </button>
                <button>
                    <!-- U -->
                    <type>normal</type>
                    <zorder>6</zorder>
                    <toucharea>
                        <origin><x>    109</x>    <y>     258</y>     </origin>
                        <size>  <width> 52</width><height> 38</height></size>
                    </toucharea>
                    <screen>
                        <origin><x>     85</x>    <y>     230</y>     </origin>
                        <size>  <width>100</width><height>100</height></size>
                    </screen>
                    <texture>
                        <origin><x>    412</x>    <y>       0</y>     </origin>
                        <size>  <width>100</width><height>100</height></size>
					</texture>
                    <color><red>255</red><green>255</green><blue>255</blue><alpha>255</alpha></color>
					<animation>
						<fadein>0</fadein>
						<holdon>1</holdon>
						<fadeout>10</fadeout>
					</animation>
                    <out>5</out><in>8</in>
                	<sound>
						<ondown>1</ondown>
					</sound>
                </button>
                <button>
                    <!-- V -->
                    <type>normal</type>
                    <zorder>6</zorder>
                    <toucharea>
                        <origin><x>    161</x>    <y>     258</y>     </origin>
                        <size>  <width> 52</width><height> 38</height></size>
                    </toucharea>
                    <screen>
                        <origin><x>    137</x>    <y>     230</y>     </origin>
                        <size>  <width>100</width><height>100</height></size>
                    </screen>
                    <texture>
                        <origin><x>    412</x>    <y>       0</y>     </origin>
                        <size>  <width>100</width><height>100</height></size>
					</texture>
                    <color><red>255</red><green>255</green><blue>255</blue><alpha>255</alpha></color>
					<animation>
						<fadein>0</fadein>
						<holdon>1</holdon>
						<fadeout>10</fadeout>
					</animation>
                    <out>5</out><in>4</in>
                	<sound>
						<ondown>1</ondown>
					</sound>
                </button>
                <button>
                    <!-- W -->
                    <type>normal</type>
                    <zorder>6</zorder>
                    <toucharea>
                        <origin><x>    213</x>    <y>     258</y>     </origin>
                        <size>  <width> 52</width><height> 38</height></size>
                    </toucharea>
                    <screen>
                        <origin><x>    189</x>    <y>     230</y>     </origin>
                        <size>  <width>100</width><height>100</height></size>
                    </screen>
                    <texture>
                        <origin><x>    412</x>    <y>       0</y>     </origin>
                        <size>  <width>100</width><height>100</height></size>
					</texture>
                    <color><red>255</red><green>255</green><blue>255</blue><alpha>255</alpha></color>
					<animation>
						<fadein>0</fadein>
						<holdon>1</holdon>
						<fadeout>10</fadeout>
					</animation>
                    <out>5</out><in>2</in>
                	<sound>
						<ondown>1</ondown>
					</sound>
                </button>
                <button>
                    <!-- X -->
                    <type>normal</type>
                    <zorder>6</zorder>
                    <toucharea>
                        <origin><x>    265</x>    <y>     258</y>     </origin>
                        <size>  <width> 52</width><height> 38</height></size>
                    </toucharea>
                    <screen>
                        <origin><x>    241</x>    <y>     230</y>     </origin>
                        <size>  <width>100</width><height>100</height></size>
                    </screen>
                    <texture>
                        <origin><x>    412</x>    <y>       0</y>     </origin>
                        <size>  <width>100</width><height>100</height></size>
					</texture>
                    <color><red>255</red><green>255</green><blue>255</blue><alpha>255</alpha></color>
					<animation>
						<fadein>0</fadein>
						<holdon>1</holdon>
						<fadeout>10</fadeout>
					</animation>
                    <out>5</out><in>1</in>
                	<sound>
						<ondown>1</ondown>
					</sound>
                </button>
                
                <button>
                    <!-- ENTER -->
                    <type>normal</type>
                    <zorder>6</zorder>
                    <toucharea>
                        <origin><x>      5</x>    <y>     296</y>     </origin>
                        <size>  <width>104</width><height> 38</height></size>
                    </toucharea>
                    <screen>
                        <origin><x>      7</x>    <y>     268</y>     </origin>
                        <size>  <width>100</width><height>100</height></size>
                    </screen>
                    <texture>
                        <origin><x>    412</x>    <y>       0</y>     </origin>
                        <size>  <width>100</width><height>100</height></size>
					</texture>
                    <color><red>255</red><green>255</green><blue>255</blue><alpha>255</alpha></color>
					<animation>
						<fadein>0</fadein>
						<holdon>1</holdon>
						<fadeout>10</fadeout>
					</animation>
                    <out>4</out><in>16</in>
                	<sound>
						<ondown>1</ondown>
					</sound>
                </button>
                <button>
                    <!-- Y -->
                    <type>normal</type>
                    <zorder>6</zorder>
                    <toucharea>
                        <origin><x>    109</x>    <y>     296</y>     </origin>
                        <size>  <width> 52</width><height> 38</height></size>
                    </toucharea>
                    <screen>
                        <origin><x>     85</x>    <y>     268</y>     </origin>
                        <size>  <width>100</width><height>100</height></size>
                    </screen>
                    <texture>
                        <origin><x>    412</x>    <y>       0</y>     </origin>
                        <size>  <width>100</width><height>100</height></size>
					</texture>
                    <color><red>255</red><green>255</green><blue>255</blue><alpha>255</alpha></color>
					<animation>
						<fadein>0</fadein>
						<holdon>1</holdon>
						<fadeout>10</fadeout>
					</animation>
                    <out>4</out><in>8</in>
                	<sound>
						<ondown>1</ondown>
					</sound>
                </button>
                <button>
                    <!-- Z -->
                    <type>normal</type>
                    <zorder>6</zorder>
                    <toucharea>
                        <origin><x>    161</x>    <y>     296</y>     </origin>
                        <size>  <width> 52</width><height> 38</height></size>
                    </toucharea>
                    <screen>
                        <origin><x>    137</x>    <y>     268</y>     </origin>
                        <size>  <width>100</width><height>100</height></size>
                    </screen>
                    <texture>
                        <origin><x>    412</x>    <y>       0</y>     </origin>
                        <size>  <width>100</width><height>100</height></size>
					</texture>
                    <color><red>255</red><green>255</green><blue>255</blue><alpha>255</alpha></color>
					<animation>
						<fadein>0</fadein>
						<holdon>1</holdon>
						<fadeout>10</fadeout>
					</animation>
                    <out>4</out><in>4</in>
                	<sound>
						<ondown>1</ondown>
					</sound>
                </button>
                <button>
                    <!-- DEL -->
                    <type>normal</type>
                    <zorder>6</zorder>
                    <toucharea>
                        <origin><x>    213</x>    <y>     296</y>     </origin>
                        <size>  <width> 52</width><height> 38</height></size>
                    </toucharea>
                    <screen>
                        <origin><x>    189</x>    <y>     268</y>     </origin>
                        <size>  <width>100</width><height>100</height></size>
                    </screen>
                    <texture>
                        <origin><x>    412</x>    <y>       0</y>     </origin>
                        <size>  <width>100</width><height>100</height></size>
					</texture>
                    <color><red>255</red><green>255</green><blue>255</blue><alpha>255</alpha></color>
					<animation>
						<fadein>0</fadein>
						<holdon>1</holdon>
						<fadeout>10</fadeout>
					</animation>
                    <out>4</out><in>2</in>
                	<sound>
						<ondown>1</ondown>
					</sound>
                </button>
                <button>
                    <!-- DROP -->
                    <type>normal</type>
                    <zorder>6</zorder>
                    <toucharea>
                        <origin><x>    265</x>    <y>     296</y>     </origin>
                        <size>  <width> 52</width><height> 38</height></size>
                    </toucharea>
                    <screen>
                        <origin><x>    241</x>    <y>     268</y>     </origin>
                        <size>  <width>100</width><height>100</height></size>
                    </screen>
                    <texture>
                        <origin><x>    412</x>    <y>       0</y>     </origin>
                        <size>  <width>100</width><height>100</height></size>
					</texture>
                    <color><red>255</red><green>255</green><blue>255</blue><alpha>255</alpha></color>
					<animation>
						<fadein>0</fadein>
						<holdon>1</holdon>
						<fadeout>10</fadeout>
					</animation>
                    <out>4</out><in>1</in>
                	<sound>
						<ondown>1</ondown>
					</sound>
                </button>
                
                <button>
                    <!-- alpha -->
                    <type>normal</type>
                    <zorder>6</zorder>
                    <toucharea>
                        <origin><x>      5</x>    <y>     336</y>     </origin>
                        <size>  <width> 61</width><height> 35</height></size>
                    </toucharea>
                    <screen>
                        <origin><x>    -14</x>    <y>     308</y>     </origin>
                        <size>  <width>100</width><height>100</height></size>
                    </screen>
                    <texture>
                        <origin><x>    412</x>    <y>       0</y>     </origin>
                        <size>  <width>100</width><height>100</height></size>
					</texture>
                    <color><red>255</red><green>255</green><blue>255</blue><alpha>255</alpha></color>
					<animation>
						<fadein>0</fadein>
						<holdon>1</holdon>
						<fadeout>10</fadeout>
					</animation>
                    <out>3</out><in>32</in>
                	<sound>
						<ondown>1</ondown>
					</sound>
                </button>
                <button>
                    <!-- 7 -->
                    <type>normal</type>
                    <zorder>6</zorder>
                    <toucharea>
                        <origin><x>     67</x>    <y>     336</y>     </origin>
                        <size>  <width> 61</width><height> 35</height></size>
                    </toucharea>
                    <screen>
                        <origin><x>     48</x>    <y>     308</y>     </origin>
                        <size>  <width>100</width><height>100</height></size>
                    </screen>
                    <texture>
                        <origin><x>    412</x>    <y>       0</y>     </origin>
                        <size>  <width>100</width><height>100</height></size>
					</texture>
                    <color><red>255</red><green>255</green><blue>255</blue><alpha>255</alpha></color>
					<animation>
						<fadein>0</fadein>
						<holdon>1</holdon>
						<fadeout>10</fadeout>
					</animation>
                    <out>3</out><in>8</in>
                	<sound>
						<ondown>1</ondown>
					</sound>
                </button>
                <button>
                    <!-- 8 -->
                    <type>normal</type>
                    <zorder>6</zorder>
                    <toucharea>
                        <origin><x>    129</x>    <y>     336</y>     </origin>
                        <size>  <width> 61</width><height> 35</height></size>
                    </toucharea>
                    <screen>
                        <origin><x>    110</x>    <y>     308</y>     </origin>
                        <size>  <width>100</width><height>100</height></size>
                    </screen>
                    <texture>
                        <origin><x>    412</x>    <y>       0</y>     </origin>
                        <size>  <width>100</width><height>100</height></size>
					</texture>
                    <color><red>255</red><green>255</green><blue>255</blue><alpha>255</alpha></color>
					<animation>
						<fadein>0</fadein>
						<holdon>1</holdon>
						<fadeout>10</fadeout>
					</animation>
                    <out>3</out><in>4</in>
                	<sound>
						<ondown>1</ondown>
					</sound>
                </button>
                <button>
                    <!-- 9 -->
                    <type>normal</type>
                    <zorder>6</zorder>
                    <toucharea>
                        <origin><x>    191</x>    <y>     336</y>     </origin>
                        <size>  <width> 61</width><height> 35</height></size>
                    </toucharea>
                    <screen>
                        <origin><x>    172</x>    <y>     308</y>     </origin>
                        <size>  <width>100</width><height>100</height></size>
                    </screen>
                    <texture>
                        <origin><x>    412</x>    <y>       0</y>     </origin>
                        <size>  <width>100</width><height>100</height></size>
					</texture>
                    <color><red>255</red><green>255</green><blue>255</blue><alpha>255</alpha></color>
					<animation>
						<fadein>0</fadein>
						<holdon>1</holdon>
						<fadeout>10</fadeout>
					</animation>
                    <out>3</out><in>2</in>
                	<sound>
						<ondown>1</ondown>
					</sound>
                </button>
                <button>
                    <!-- / -->
                    <type>normal</type>
                    <zorder>6</zorder>
                    <toucharea>
                        <origin><x>    253</x>    <y>     336</y>     </origin>
                        <size>  <width> 61</width><height> 35</height></size>
                    </toucharea>
                    <screen>
                        <origin><x>    234</x>    <y>     308</y>     </origin>
                        <size>  <width>100</width><height>100</height></size>
                    </screen>
                    <texture>
                        <origin><x>    412</x>    <y>       0</y>     </origin>
                        <size>  <width>100</width><height>100</height></size>
					</texture>
                    <color><red>255</red><green>255</green><blue>255</blue><alpha>255</alpha></color>
					<animation>
						<fadein>0</fadein>
						<holdon>1</holdon>
						<fadeout>10</fadeout>
					</animation>
                    <out>3</out><in>1</in>
                	<sound>
						<ondown>1</ondown>
					</sound>
                </button>
                
                <button>
                    <!-- shift left -->
                    <type>normal</type>
                    <zorder>6</zorder>
                    <toucharea>
                        <origin><x>      5</x>    <y>     371</y>     </origin>
                        <size>  <width> 61</width><height> 35</height></size>
                    </toucharea>
                    <screen>
                        <origin><x>    -14</x>    <y>     343</y>     </origin>
                        <size>  <width>100</width><height>100</height></size>
                    </screen>
                    <texture>
                        <origin><x>    412</x>    <y>       0</y>     </origin>
                        <size>  <width>100</width><height>100</height></size>
					</texture>
                    <color><red>255</red><green>255</green><blue>255</blue><alpha>255</alpha></color>
					<animation>
						<fadein>0</fadein>
						<holdon>1</holdon>
						<fadeout>10</fadeout>
					</animation>
                    <out>2</out><in>32</in>
                	<sound>
						<ondown>1</ondown>
					</sound>
                </button>
                <button>
                    <!-- 4 -->
                    <type>normal</type>
                    <zorder>6</zorder>
                    <toucharea>
                        <origin><x>     67</x>    <y>     371</y>     </origin>
                        <size>  <width> 61</width><height> 35</height></size>
                    </toucharea>
                    <screen>
                        <origin><x>     48</x>    <y>     343</y>     </origin>
                        <size>  <width>100</width><height>100</height></size>
                    </screen>
                    <texture>
                        <origin><x>    412</x>    <y>       0</y>     </origin>
                        <size>  <width>100</width><height>100</height></size>
					</texture>
                    <color><red>255</red><green>255</green><blue>255</blue><alpha>255</alpha></color>
					<animation>
						<fadein>0</fadein>
						<holdon>1</holdon>
						<fadeout>10</fadeout>
					</animation>
                    <out>2</out><in>8</in>
                	<sound>
						<ondown>1</ondown>
					</sound>
                </button>
                <button>
                    <!-- 5 -->
                    <type>normal</type>
                    <zorder>6</zorder>
                    <toucharea>
                        <origin><x>    129</x>    <y>     371</y>     </origin>
                        <size>  <width> 61</width><height> 35</height></size>
                    </toucharea>
                    <screen>
                        <origin><x>    110</x>    <y>     343</y>     </origin>
                        <size>  <width>100</width><height>100</height></size>
                    </screen>
                    <texture>
                        <origin><x>    412</x>    <y>       0</y>     </origin>
                        <size>  <width>100</width><height>100</height></size>
					</texture>
                    <color><red>255</red><green>255</green><blue>255</blue><alpha>255</alpha></color>
					<animation>
						<fadein>0</fadein>
						<holdon>1</holdon>
						<fadeout>10</fadeout>
					</animation>
                    <out>2</out><in>4</in>
                	<sound>
						<ondown>1</ondown>
					</sound>
                </button>
                <button>
                    <!-- 6 -->
                    <type>normal</type>
                    <zorder>6</zorder>
                    <toucharea>
                        <origin><x>    191</x>    <y>     371</y>     </origin>
                        <size>  <width> 61</width><height> 35</height></size>
                    </toucharea>
                    <screen>
                        <origin><x>    172</x>    <y>     343</y>     </origin>
                        <size>  <width>100</width><height>100</height></size>
                    </screen>
                    <texture>
                        <origin><x>    412</x>    <y>       0</y>     </origin>
                        <size>  <width>100</width><height>100</height></size>
					</texture>
                    <color><red>255</red><green>255</green><blue>255</blue><alpha>255</alpha></color>
					<animation>
						<fadein>0</fadein>
						<holdon>1</holdon>
						<fadeout>10</fadeout>
					</animation>
                    <out>2</out><in>2</in>
                	<sound>
						<ondown>1</ondown>
					</sound>
                </button>
                <button>
                    <!-- * -->
                    <type>normal</type>
                    <zorder>6</zorder>
                    <toucharea>
                        <origin><x>    253</x>    <y>     371</y>     </origin>
                        <size>  <width> 61</width><height> 35</height></size>
                    </toucharea>
                    <screen>
                        <origin><x>    234</x>    <y>     343</y>     </origin>
                        <size>  <width>100</width><height>100</height></size>
                    </screen>
                    <texture>
                        <origin><x>    412</x>    <y>       0</y>     </origin>
                        <size>  <width>100</width><height>100</height></size>
					</texture>
                    <color><red>255</red><green>255</green><blue>255</blue><alpha>255</alpha></color>
					<animation>
						<fadein>0</fadein>
						<holdon>1</holdon>
						<fadeout>10</fadeout>
					</animation>
                    <out>2</out><in>1</in>
                	<sound>
						<ondown>1</ondown>
					</sound>
                </button>
                
                <button>
                    <!-- shift right -->
                    <type>normal</type>
                    <zorder>6</zorder>
                    <toucharea>
                        <origin><x>      5</x>    <y>     406</y>     </origin>
                        <size>  <width> 61</width><height> 35</height></size>
                    </toucharea>
                    <screen>
                        <origin><x>    -14</x>    <y>     378</y>     </origin>
                        <size>  <width>100</width><height>100</height></size>
                    </screen>
                    <texture>
                        <origin><x>    412</x>    <y>       0</y>     </origin>
                        <size>  <width>100</width><height>100</height></size>
					</texture>
                    <color><red>255</red><green>255</green><blue>255</blue><alpha>255</alpha></color>
					<animation>
						<fadein>0</fadein>
						<holdon>1</holdon>
						<fadeout>10</fadeout>
					</animation>
                    <out>1</out><in>32</in>
                	<sound>
						<ondown>1</ondown>
					</sound>
                </button>
                <button>
                    <!-- 1 -->
                    <type>normal</type>
                    <zorder>6</zorder>
                    <toucharea>
                        <origin><x>     67</x>    <y>     406</y>     </origin>
                        <size>  <width> 61</width><height> 35</height></size>
                    </toucharea>
                    <screen>
                        <origin><x>     48</x>    <y>     378</y>     </origin>
                        <size>  <width>100</width><height>100</height></size>
                    </screen>
                    <texture>
                        <origin><x>    412</x>    <y>       0</y>     </origin>
                        <size>  <width>100</width><height>100</height></size>
					</texture>
                    <color><red>255</red><green>255</green><blue>255</blue><alpha>255</alpha></color>
					<animation>
						<fadein>0</fadein>
						<holdon>1</holdon>
						<fadeout>10</fadeout>
					</animation>
                    <out>1</out><in>8</in>
                	<sound>
						<ondown>1</ondown>
					</sound>
                </button>
                <button>
                    <!-- 2 -->
                    <type>normal</type>
                    <zorder>6</zorder>
                    <toucharea>
                        <origin><x>    129</x>    <y>     406</y>     </origin>
                        <size>  <width> 61</width><height> 35</height></size>
                    </toucharea>
                    <screen>
                        <origin><x>    110</x>    <y>     378</y>     </origin>
                        <size>  <width>100</width><height>100</height></size>
                    </screen>
                    <texture>
                        <origin><x>    412</x>    <y>       0</y>     </origin>
                        <size>  <width>100</width><height>100</height></size>
					</texture>
                    <color><red>255</red><green>255</green><blue>255</blue><alpha>255</alpha></color>
					<animation>
						<fadein>0</fadein>
						<holdon>1</holdon>
						<fadeout>10</fadeout>
					</animation>
                    <out>1</out><in>4</in>
                	<sound>
						<ondown>1</ondown>
					</sound>
                </button>
                <button>
                    <!-- 3 -->
                    <type>normal</type>
                    <zorder>6</zorder>
                    <toucharea>
                        <origin><x>    191</x>    <y>     406</y>     </origin>
                        <size>  <width> 61</width><height> 35</height></size>
                    </toucharea>
                    <screen>
                        <origin><x>    172</x>    <y>     378</y>     </origin>
                        <size>  <width>100</width><height>100</height></size>
                    </screen>
                    <texture>
                        <origin><x>    412</x>    <y>       0</y>     </origin>
                        <size>  <width>100</width><height>100</height></size>
					</texture>
                    <color><red>255</red><green>255</green><blue>255</blue><alpha>255</alpha></color>
					<animation>
						<fadein>0</fadein>
						<holdon>1</holdon>
						<fadeout>10</fadeout>
					</animation>
                    <out>1</out><in>2</in>
                	<sound>
						<ondown>1</ondown>
					</sound>
                </button>
                <button>
                    <!-- - -->
                    <type>normal</type>
                    <zorder>6</zorder>
                    <toucharea>
                        <origin><x>    253</x>    <y>     406</y>     </origin>
                        <size>  <width> 61</width><height> 35</height></size>
                    </toucharea>
                    <screen>
                        <origin><x>    234</x>    <y>     378</y>     </origin>
                        <size>  <width>100</width><height>100</height></size>
                    </screen>
                    <texture>
                        <origin><x>    412</x>    <y>       0</y>     </origin>
                        <size>  <width>100</width><height>100</height></size>
					</texture>
                    <color><red>255</red><green>255</green><blue>255</blue><alpha>255</alpha></color>
					<animation>
						<fadein>0</fadein>
						<holdon>1</holdon>
						<fadeout>10</fadeout>
					</animation>
                    <out>1</out><in>1</in>
                	<sound>
						<ondown>1</ondown>
					</sound>
                </button>
                
                <button>
                    <!-- ON -->
                    <type>normal</type>
                    <zorder>6</zorder>
                    <toucharea>
                        <origin><x>      5</x>    <y>     444</y>     </origin>
                        <size>  <width> 61</width><height> 35</height></size>
                    </toucharea>
                    <screen>
                        <origin><x>    -14</x>    <y>     413</y>     </origin>
                        <size>  <width>100</width><height>100</height></size>
                    </screen>
                    <texture>
                        <origin><x>    412</x>    <y>       0</y>     </origin>
                        <size>  <width>100</width><height>100</height></size>
					</texture>
                    <color><red>255</red><green>255</green><blue>255</blue><alpha>255</alpha></color>
					<animation>
						<fadein>0</fadein>
						<holdon>1</holdon>
						<fadeout>10</fadeout>
					</animation>
                    <out>0</out><in>32768</in>
                	<sound>
						<ondown>1</ondown>
					</sound>
                </button>
                <button>
                    <!-- 0 -->
                    <type>normal</type>
                    <zorder>6</zorder>
                    <toucharea>
                        <origin><x>     67</x>    <y>     444</y>     </origin>
                        <size>  <width> 61</width><height> 35</height></size>
                    </toucharea>
                    <screen>
                        <origin><x>     48</x>    <y>     413</y>     </origin>
                        <size>  <width>100</width><height>100</height></size>
                    </screen>
                    <texture>
                        <origin><x>    412</x>    <y>       0</y>     </origin>
                        <size>  <width>100</width><height>100</height></size>
					</texture>
                    <color><red>255</red><green>255</green><blue>255</blue><alpha>255</alpha></color>
					<animation>
						<fadein>0</fadein>
						<holdon>1</holdon>
						<fadeout>10</fadeout>
					</animation>
                    <out>0</out><in>8</in>
                	<sound>
						<ondown>1</ondown>
					</sound>
                </button>
                <button>
                    <!-- . -->
                    <type>normal</type>
                    <zorder>6</zorder>
                    <toucharea>
                        <origin><x>    129</x>    <y>     444</y>     </origin>
                        <size>  <width> 61</width><height> 35</height></size>
                    </toucharea>
                    <screen>
                        <origin><x>    110</x>    <y>     413</y>     </origin>
                        <size>  <width>100</width><height>100</height></size>
                    </screen>
                    <texture>
                        <origin><x>    412</x>    <y>       0</y>     </origin>
                        <size>  <width>100</width><height>100</height></size>
					</texture>
                    <color><red>255</red><green>255</green><blue>255</blue><alpha>255</alpha></color>
					<animation>
						<fadein>0</fadein>
						<holdon>1</holdon>
						<fadeout>10</fadeout>
					</animation>
                    <out>0</out><in>4</in>
                	<sound>
						<ondown>1</ondown>
					</sound>
                </button>
                <button>
                    <!-- SPC -->
                    <type>normal</type>
                    <zorder>6</zorder>
                    <toucharea>
                        <origin><x>    191</x>    <y>     444</y>     </origin>
                        <size>  <width> 61</width><height> 35</height></size>
                    </toucharea>
                    <screen>
                        <origin><x>    172</x>    <y>     413</y>     </origin>
                        <size>  <width>100</width><height>100</height></size>
                    </screen>
                    <texture>
                        <origin><x>    412</x>    <y>       0</y>     </origin>
                        <size>  <width>100</width><height>100</height></size>
					</texture>
                    <color><red>255</red><green>255</green><blue>255</blue><alpha>255</alpha></color>
					<animation>
						<fadein>0</fadein>
						<holdon>1</holdon>
						<fadeout>10</fadeout>
					</animation>
                    <out>0</out><in>2</in>
                	<sound>
						<ondown>1</ondown>
					</sound>
                </button>
                <button>
                    <!-- + -->
                    <type>normal</type>
                    <zorder>6</zorder>
                    <toucharea>
                        <origin><x>    253</x>    <y>     444</y>     </origin>
                        <size>  <width> 61</width><height> 35</height></size>
                    </toucharea>
                    <screen>
                        <origin><x>    234</x>    <y>     413</y>     </origin>
                        <size>  <width>100</width><height>100</height></size>
                    </screen>
                    <texture>
                        <origin><x>    412</x>    <y>       0</y>     </origin>
                        <size>  <width>100</width><height>100</height></size>
					</texture>
                    <color><red>255</red><green>255</green><blue>255</blue><alpha>255</alpha></color>
					<animation>
						<fadein>0</fadein>
						<holdon>1</holdon>
						<fadeout>10</fadeout>
					</animation>
                    <out>0</out><in>1</in>
                	<sound>
						<ondown>1</ondown>
					</sound>
                </button>
                

                <!-- F -->              <button><id> 6</id><ghost /><out>8</out><in>1</in></button>
				<!-- STARTUP SCRIPT WHEN AUTOLOAD LOADS THIS SKIN -->
				<button>
					<type>init</type>
					<ghost />
					<actions>
						<action><buttonid>6</buttonid></action>
					</actions>
				</button>
            </buttons>
        </orientation>
    </orientations>
</m48SkinFile>
