<?xml version="1.0" encoding="UTF-8" ?>
<m48SkinFile>
	<global>
		<title>Real 49G+ [iPhone (Retina)]</title>
		<message>Based on a scan of original calculator. LCD scaled to maximum size.</message>		
		<license>m48 Skin License applies. See http://www.mksg.de/m48SkinLicense.html for details.</license>
		<hardware>Yorke</hardware>
		<model>Q</model>
        <class>50</class>
		<framerate>18</framerate>
		<rom>
            <filename>/ROMs/HP49G+/rom.49g+</filename>
			<patch>
				<filename>/ROMs/HP49G+/beeppatch.49g+</filename>
			</patch>
        </rom>
		<soundfiles>
			<soundfile>
				<id>1</id>
				<filename>../Sounds/tock.wav</filename>
			</soundfile>
		</soundfiles>
		<lcdsettings>
			<colors>
				<!-- Foreground colors --> 
				<color><!--  0 --><red>  0</red><green>  0</green><blue>  0</blue><alpha>255</alpha></color>
				<color><!--  1 --><red>  0</red><green>  0</green><blue>  0</blue><alpha>255</alpha></color>
				<color><!--  2 --><red>  0</red><green>  0</green><blue>  0</blue><alpha>255</alpha></color>
				<color><!--  3 --><red>  0</red><green>  0</green><blue>  0</blue><alpha>255</alpha></color>
				<color><!--  4 --><red>  0</red><green>  0</green><blue>  0</blue><alpha>255</alpha></color>
				<color><!--  5 --><red>  0</red><green>  0</green><blue>  0</blue><alpha>255</alpha></color>
				<color><!--  6 --><red>  0</red><green>  0</green><blue>  0</blue><alpha>255</alpha></color>
				<color><!--  7 --><red>  0</red><green>  0</green><blue>  0</blue><alpha>255</alpha></color>
				<color><!--  8 --><red>  0</red><green>  0</green><blue>  0</blue><alpha>255</alpha></color>
				
				<color><!--  9 --><red>  0</red><green>  0</green><blue>  0</blue><alpha>  0</alpha></color>
				<color><!-- 10 --><red>  0</red><green>  0</green><blue>  0</blue><alpha> 51</alpha></color>
				<color><!-- 11 --><red>  0</red><green>  0</green><blue>  0</blue><alpha>102</alpha></color>
				<color><!-- 12 --><red>  0</red><green>  0</green><blue>  0</blue><alpha>153</alpha></color>
				<color><!-- 13 --><red>  0</red><green>  0</green><blue>  0</blue><alpha>204</alpha></color>
							
				<color><!-- 14 --><red>  0</red><green>  0</green><blue>  0</blue><alpha>255</alpha></color>
				
				<color><!-- 15 --><red>  0</red><green>  0</green><blue>  0</blue><alpha>255</alpha></color>
				<color><!-- 16 --><red>  0</red><green>  0</green><blue>  0</blue><alpha>255</alpha></color>
				<color><!-- 17 --><red>  0</red><green>  0</green><blue>  0</blue><alpha>255</alpha></color>
				<color><!-- 18 --><red>  0</red><green>  0</green><blue>  0</blue><alpha>255</alpha></color>
				<color><!-- 19 --><red>  0</red><green>  0</green><blue>  0</blue><alpha>255</alpha></color>
				<color><!-- 20 --><red>112</red><green>157</green><blue>114</blue><alpha>255</alpha></color>
				<color><!-- 21 --><red>  0</red><green>  0</green><blue>  0</blue><alpha>255</alpha></color>
				<color><!-- 22 --><red>255</red><green>255</green><blue>255</blue><alpha>255</alpha></color>
				<color><!-- 23 --><red> 60</red><green> 65</green><blue>118</blue><alpha>255</alpha></color>
				<color><!-- 24 --><red>133</red><green>172</green><blue>162</blue><alpha>255</alpha></color>
				
				<color><!-- 25 --><red>  0</red><green>  0</green><blue>  0</blue><alpha>255</alpha></color>
				<color><!-- 26 --><red>  0</red><green>  0</green><blue>  0</blue><alpha>255</alpha></color>
				<color><!-- 27 --><red>  0</red><green>  0</green><blue>  0</blue><alpha>255</alpha></color>
				<color><!-- 28 --><red>  0</red><green>  0</green><blue>  0</blue><alpha>255</alpha></color>
				<color><!-- 29 --><red>  0</red><green>  0</green><blue>  0</blue><alpha>255</alpha></color>
				<color><!-- 30 --><red>  0</red><green>  0</green><blue>  0</blue><alpha>255</alpha></color>
				<color><!-- 31 --><red>  0</red><green>  0</green><blue>  0</blue><alpha>255</alpha></color>
				
				
				<!-- Background colors --> 
				<color><!--  0 --><red>  0</red><green>  0</green><blue>  0</blue><alpha>  0</alpha></color>
				<color><!--  1 --><red>  0</red><green>  0</green><blue>  0</blue><alpha>  0</alpha></color>
				<color><!--  2 --><red>  0</red><green>  0</green><blue>  0</blue><alpha>  0</alpha></color>
				<color><!--  3 --><red>  0</red><green>  0</green><blue>  0</blue><alpha>  0</alpha></color>
				<color><!--  4 --><red>  0</red><green>  0</green><blue>  0</blue><alpha>  0</alpha></color>
				<color><!--  5 --><red>  0</red><green>  0</green><blue>  0</blue><alpha>  0</alpha></color>
				<color><!--  6 --><red>  0</red><green>  0</green><blue>  0</blue><alpha>  0</alpha></color>
				<color><!--  7 --><red>  0</red><green>  0</green><blue>  0</blue><alpha>  0</alpha></color>
				<color><!--  8 --><red>  0</red><green>  0</green><blue>  0</blue><alpha>  0</alpha></color>
				
				<color><!--  9 --><red>  0</red><green>  0</green><blue>  0</blue><alpha>  0</alpha></color>
				<color><!-- 10 --><red>  0</red><green>  0</green><blue>  0</blue><alpha>  0</alpha></color>
				<color><!-- 11 --><red>  0</red><green>  0</green><blue>  0</blue><alpha>  0</alpha></color>
				<color><!-- 12 --><red>  0</red><green>  0</green><blue>  0</blue><alpha>  0</alpha></color>
				<color><!-- 13 --><red>  0</red><green>  0</green><blue>  0</blue><alpha>  0</alpha></color>
				
				<color><!-- 14 --><red>  0</red><green>  0</green><blue>  0</blue><alpha>  0</alpha></color>
				
				<color><!-- 15 --><red>  0</red><green>  0</green><blue>  0</blue><alpha> 51</alpha></color>
				<color><!-- 16 --><red>  0</red><green>  0</green><blue>  0</blue><alpha>102</alpha></color>
				<color><!-- 17 --><red>  0</red><green>  0</green><blue>  0</blue><alpha>153</alpha></color>
				<color><!-- 18 --><red>  0</red><green>  0</green><blue>  0</blue><alpha>204</alpha></color>
				<color><!-- 19 --><red>  0</red><green>  0</green><blue>  0</blue><alpha>255</alpha></color>
				<color><!-- 20 --><red>  0</red><green>  0</green><blue>  0</blue><alpha>255</alpha></color>
				<color><!-- 21 --><red>255</red><green>255</green><blue>255</blue><alpha>255</alpha></color>
				<color><!-- 22 --><red>  0</red><green>  0</green><blue>  0</blue><alpha>255</alpha></color>
				<color><!-- 23 --><red>133</red><green>172</green><blue>162</blue><alpha>255</alpha></color>
				<color><!-- 24 --><red> 60</red><green> 65</green><blue>118</blue><alpha>255</alpha></color>
				
				<color><!-- 25 --><red>  0</red><green>  0</green><blue>  0</blue><alpha>  0</alpha></color>
				<color><!-- 26 --><red>  0</red><green>  0</green><blue>  0</blue><alpha>  0</alpha></color>
				<color><!-- 27 --><red>  0</red><green>  0</green><blue>  0</blue><alpha>  0</alpha></color>
				<color><!-- 28 --><red>  0</red><green>  0</green><blue>  0</blue><alpha>  0</alpha></color>
				<color><!-- 29 --><red>  0</red><green>  0</green><blue>  0</blue><alpha>  0</alpha></color>
				<color><!-- 30 --><red>  0</red><green>  0</green><blue>  0</blue><alpha>  0</alpha></color>
				<color><!-- 31 --><red>  0</red><green>  0</green><blue>  0</blue><alpha>  0</alpha></color>
			</colors>
		</lcdsettings>
	</global>
    
    <orientations>
        <orientation>
            <portrait />
            
            <texturefile>
                <filename>Real49G+_HD.png</filename>
                <zoom>0.50</zoom>
            </texturefile>
            
            <viewport>
                <origin><x>      0</x>    <y>       0</y>     </origin>
                <size>	<width>320</width><height>480</height></size>
                <zoom>2.0</zoom>
            </viewport>       
              
            <background>
                <color><red>  0</red><green>  0</green><blue>  0</blue><alpha>255</alpha></color>
            </background>
            
			<lcds>
				<lcd>
					<zorder>3</zorder>
					<screen>
						<origin><x>      7</x>    <y>       1</y>     </origin>
						<size>	<width>308</width><height>150</height></size>
					</screen>
					<texture>
						<origin><x>      0</x>    <y>       0</y>     </origin>
						<size>	<width>131</width><height> 80</height></size>
					</texture>
				</lcd>
			</lcds>
            
            <faces>
                <!-- Background for lcd -->
                <face>
                    <zorder>2</zorder>
					<screen>
						<origin><x>      4</x>    <y>       0</y>     </origin>
						<size>	<width>312</width><height>152</height></size>
					</screen>
					<color><red>112</red><green>157</green><blue>114</blue><alpha>255</alpha></color>
                </face>	
                <face>
					<!-- basic view --> 
                    <zorder>1</zorder>
                    <texture>
                        <origin><x>      0</x>    <y>      32</y>     </origin>
                        <size>	<width>320</width><height>480</height></size>
                    </texture>
                    <screen>
                        <origin><x>      0</x>    <y>       0</y>     </origin>
                        <size>	<width>320</width><height>480</height></size>
                    </screen>
                </face>    
				
                <face>
					<!-- alpha view --> 
                    <zorder>3</zorder>
                    <logics>
                        <logic>XX1XXX</logic>
                    </logics>
                    <texture>
                        <origin><x>     216</x>    <y>       0</y>     </origin>
                        <size>	<width> 8</width><height> 6</height></size>
                    </texture>
                    <screen>
                        <origin><x>      3</x>    <y>     360</y>     </origin>
                        <size>	<width> 8</width><height> 6</height></size>
                    </screen>
					<color><red>255</red><green>255</green><blue>255</blue><alpha>255</alpha></color>
                </face>	
				<face>
					<!-- shift left view --> 
                    <zorder>3</zorder>
                    <logics>
                        <logic>1XXXXX</logic>
                    </logics>
                    <texture>
                        <origin><x>      200</x>    <y>       0</y>     </origin>
                        <size>	<width> 8</width><height> 6</height></size>
                    </texture>
                    <screen>
                        <origin><x>      3</x>    <y>     394</y>     </origin>
                        <size>	<width> 8</width><height> 6</height></size>
                    </screen>
					<color><red>255</red><green>255</green><blue>255</blue><alpha>255</alpha></color>
                </face>

                <face>
					<!-- shift right view --> 
                    <zorder>3</zorder>
                    <logics>
                        <logic>X1XXXX</logic>
                    </logics>
                    <texture>
                        <origin><x>     208</x>    <y>       0</y>     </origin>
                        <size>	<width> 8</width><height> 6</height></size>
                    </texture>
                    <screen>
                        <origin><x>      3</x>    <y>     427</y>     </origin>
                        <size>	<width> 8</width><height> 6</height></size>
                    </screen>
					<color><red>255</red><green>255</green><blue>255</blue><alpha>255</alpha></color>
                </face>
                <face>
					<!-- wait view --> 
                    <zorder>3</zorder>
                    <logics>
                        <logic>XXXX1X</logic>
                    </logics>
                    <texture>
                        <origin><x>     63</x>    <y>       0</y>     </origin>
                        <size>	<width> 15</width><height> 11</height></size>
                    </texture>
                    <screen>
                        <origin><x>    307</x>    <y>     463</y>     </origin>
                        <size>	<width> 15</width><height> 11</height></size>
                    </screen>
					<color><red>255</red><green>255</green><blue>255</blue><alpha>255</alpha></color>
                </face>	
                <face>
					<!-- battery view --> 
                    <zorder>3</zorder>
                    <logics>
                        <logic>XXX1XX</logic>
                    </logics>
                    <texture>
                        <origin><x>     48</x>    <y>       0</y>     </origin>
                        <size>	<width> 15</width><height> 11</height></size>
                    </texture>
                    <screen>
                        <origin><x>    310</x>    <y>     184</y>     </origin>
                        <size>	<width> 15</width><height> 11</height></size>
                    </screen>
					<color><red>255</red><green>255</green><blue>255</blue><alpha>255</alpha></color>
                </face>	
				
                <face>
					<!-- IO view --> 
                    <zorder>3</zorder>
                    <logics>
                        <logic>XXXXX1</logic>
                    </logics>
                    <texture>
                        <origin><x>     78</x>    <y>       0</y>     </origin>
                        <size>	<width> 15</width><height> 11</height></size>
                    </texture>
                    <screen>
                        <origin><x>    310</x>    <y>     205</y>     </origin>
                        <size>	<width> 15</width><height> 11</height></size>
                    </screen>
					<color><red>255</red><green>255</green><blue>255</blue><alpha>255</alpha></color>
                </face>	
            </faces>  
			  
            <buttons>			
                <button>
                    <!-- MENU -->
                    <type>menu</type>
                    <zorder>6</zorder>
					<screen>
						<origin><x>     29</x>    <y>      21</y>     </origin>
						<size>	<width>262</width><height>100</height></size>
					</screen>
                </button>
				
                <button>
                    <!-- A -->
                    <type>normal</type>
                    <zorder>6</zorder>
                    <toucharea>
                        <origin><x>      7</x>    <y>     155</y>     </origin>
                        <size>  <width> 51</width><height> 25</height></size>
                    </toucharea>
                    <screen>
                        <origin><x>    -18</x>    <y>     120</y>     </origin>
                        <size>  <width>100</width><height>100</height></size>
                    </screen>
					<texture>
                        <origin><x>    412</x>    <y>       0</y>     </origin>
                        <size>  <width>100</width><height>100</height></size>
					</texture>
                    <color><red>255</red><green>255</green><blue>255</blue><alpha>255</alpha></color>
					<animation>
						<fadein>0</fadein>
						<holdon>1</holdon>
						<fadeout>10</fadeout>
					</animation>
                    <out>5</out><in>1</in>
                	<sound>
						<ondown>1</ondown>
					</sound>
                </button>
                <button>
                    <!-- B -->
                    <type>normal</type>
                    <zorder>6</zorder>
                    <toucharea>
                        <origin><x>     58</x>    <y>     155</y>     </origin>
                        <size>  <width> 51</width><height> 25</height></size>
                    </toucharea>
                    <screen>
                        <origin><x>     33</x>    <y>     120</y>     </origin>
                        <size>  <width>100</width><height>100</height></size>
                    </screen>
                    <texture>
                        <origin><x>    412</x>    <y>       0</y>     </origin>
                        <size>  <width>100</width><height>100</height></size>
					</texture>
                    <color><red>255</red><green>255</green><blue>255</blue><alpha>255</alpha></color>
					<animation>
						<fadein>0</fadein>
						<holdon>1</holdon>
						<fadeout>10</fadeout>
					</animation>
                    <out>5</out><in>2</in>
                	<sound>
						<ondown>1</ondown>
					</sound>
                </button>
                <button>
                    <!-- C -->
                    <type>normal</type>
                    <zorder>6</zorder>
                    <toucharea>
                        <origin><x>    109</x>    <y>     155</y>     </origin>
                        <size>  <width> 51</width><height> 25</height></size>
                    </toucharea>
                    <screen>
                        <origin><x>     84</x>    <y>     120</y>     </origin>
                        <size>  <width>100</width><height>100</height></size>
                    </screen>
                    <texture>
                        <origin><x>    412</x>    <y>       0</y>     </origin>
                        <size>  <width>100</width><height>100</height></size>
					</texture>
                    <color><red>255</red><green>255</green><blue>255</blue><alpha>255</alpha></color>
					<animation>
						<fadein>0</fadein>
						<holdon>1</holdon>
						<fadeout>10</fadeout>
					</animation>
                    <out>5</out><in>4</in>
                	<sound>
						<ondown>1</ondown>
					</sound>
                </button>
                <button>
                    <!-- D -->
                    <type>normal</type>
                    <zorder>6</zorder>
                    <toucharea>
                        <origin><x>    160</x>    <y>     155</y>     </origin>
                        <size>  <width> 51</width><height> 25</height></size>
                    </toucharea>
                    <screen>
                        <origin><x>    135</x>    <y>     120</y>     </origin>
                        <size>  <width>100</width><height>100</height></size>
                    </screen>
                    <texture>
                        <origin><x>    412</x>    <y>       0</y>     </origin>
                        <size>  <width>100</width><height>100</height></size>
					</texture>
                    <color><red>255</red><green>255</green><blue>255</blue><alpha>255</alpha></color>
					<animation>
						<fadein>0</fadein>
						<holdon>1</holdon>
						<fadeout>10</fadeout>
					</animation>
                    <out>5</out><in>8</in>
                	<sound>
						<ondown>1</ondown>
					</sound>
                </button>
                <button>
                    <!-- E -->
                    <type>normal</type>
                    <zorder>6</zorder>
                    <toucharea>
                        <origin><x>    211</x>    <y>     155</y>     </origin>
                        <size>  <width> 51</width><height> 25</height></size>
                    </toucharea>
                    <screen>
                        <origin><x>    186</x>    <y>     120</y>     </origin>
                        <size>  <width>100</width><height>100</height></size>
                    </screen>
                    <texture>
                        <origin><x>    412</x>    <y>       0</y>     </origin>
                        <size>  <width>100</width><height>100</height></size>
					</texture>
                    <color><red>255</red><green>255</green><blue>255</blue><alpha>255</alpha></color>
					<animation>
						<fadein>0</fadein>
						<holdon>1</holdon>
						<fadeout>10</fadeout>
					</animation>
                    <out>5</out><in>16</in>
                	<sound>
						<ondown>1</ondown>
					</sound>
                </button>
                <button>
                    <!-- F -->
                    <type>normal</type>
                    <zorder>6</zorder>
                    <toucharea>
                        <origin><x>    262</x>    <y>     155</y>     </origin>
                        <size>  <width> 51</width><height> 25</height></size>
                    </toucharea>
                    <screen>
                        <origin><x>    237</x>    <y>     120</y>     </origin>
                        <size>  <width>100</width><height>100</height></size>
                    </screen>
                    <texture>
                        <origin><x>    412</x>    <y>       0</y>     </origin>
                        <size>  <width>100</width><height>100</height></size>
					</texture>
                    <color><red>255</red><green>255</green><blue>255</blue><alpha>255</alpha></color>
					<animation>
						<fadein>0</fadein>
						<holdon>1</holdon>
						<fadeout>10</fadeout>
					</animation>
                    <out>5</out><in>32</in>
                	<sound>
						<ondown>1</ondown>
					</sound>
                </button>

                <button>
                    <!-- G -->
                    <type>normal</type>
                    <zorder>6</zorder>
                    <toucharea>
                        <origin><x>     7</x>    <y>     190</y>     </origin>
                        <size>  <width> 59</width><height> 23</height></size>
                    </toucharea>
                    <screen>
                        <origin><x>     -15</x>    <y>     157</y>     </origin>
                        <size>  <width>100</width><height>100</height></size>
                    </screen>
                    <texture>
                        <origin><x>    412</x>    <y>       0</y>     </origin>
                        <size>  <width>100</width><height>100</height></size>
					</texture>
                    <color><red>255</red><green>255</green><blue>255</blue><alpha>255</alpha></color>
					<animation>
						<fadein>0</fadein>
						<holdon>1</holdon>
						<fadeout>10</fadeout>
					</animation>
                    <out>5</out><in>128</in>
                	<sound>
						<ondown>1</ondown>
					</sound>
                </button>
                <button>
                    <!-- H -->
                    <type>normal</type>
                    <zorder>6</zorder>
                    <toucharea>
                        <origin><x>     58</x>    <y>     190</y>     </origin>
                        <size>  <width> 59</width><height> 23</height></size>
                    </toucharea>
                    <screen>
                        <origin><x>     36</x>    <y>     157</y>     </origin>
                        <size>  <width>100</width><height>100</height></size>
                    </screen>
                    <texture>
                        <origin><x>    412</x>    <y>       0</y>     </origin>
                        <size>  <width>100</width><height>100</height></size>
					</texture>
                    <color><red>255</red><green>255</green><blue>255</blue><alpha>255</alpha></color>
					<animation>
						<fadein>0</fadein>
						<holdon>1</holdon>
						<fadeout>10</fadeout>
					</animation>
                    <out>4</out><in>128</in>
                	<sound>
						<ondown>1</ondown>
					</sound>
                </button>
                <button>
                    <!-- I -->
                    <type>normal</type>
                    <zorder>6</zorder>
                    <toucharea>
                        <origin><x>    108</x>    <y>     190</y>     </origin>
                        <size>  <width> 59</width><height> 23</height></size>
                    </toucharea>
                    <screen>
                        <origin><x>    87</x>    <y>     157</y>     </origin>
                        <size>  <width>100</width><height>100</height></size>
                    </screen>
                    <texture>
                        <origin><x>    412</x>    <y>       0</y>     </origin>
                        <size>  <width>100</width><height>100</height></size>
					</texture>
                    <color><red>255</red><green>255</green><blue>255</blue><alpha>255</alpha></color>
					<animation>
						<fadein>0</fadein>
						<holdon>1</holdon>
						<fadeout>10</fadeout>
					</animation>
                    <out>3</out><in>128</in>
                	<sound>
						<ondown>1</ondown>
					</sound>
                </button>
                <button>
                    <!-- J -->
                    <type>normal</type>
                    <zorder>6</zorder>
                    <toucharea>
                        <origin><x>     7</x>    <y>     225</y>     </origin>
                        <size>  <width> 59</width><height> 23</height></size>
                    </toucharea>
                    <screen>
                        <origin><x>     -15</x>    <y>     190</y>     </origin>
                        <size>  <width>100</width><height>100</height></size>
                    </screen>
                    <texture>
                        <origin><x>    412</x>    <y>       0</y>     </origin>
                        <size>  <width>100</width><height>100</height></size>
					</texture>
                    <color><red>255</red><green>255</green><blue>255</blue><alpha>255</alpha></color>
					<animation>
						<fadein>0</fadein>
						<holdon>1</holdon>
						<fadeout>10</fadeout>
					</animation>
                    <out>2</out><in>128</in>
                	<sound>
						<ondown>1</ondown>
					</sound>
                </button>
                <button>
                    <!-- K -->
                    <type>normal</type>
                    <zorder>6</zorder>
                    <toucharea>
                        <origin><x>     58</x>    <y>     225</y>     </origin>
                        <size>  <width> 59</width><height> 23</height></size>
                    </toucharea>
                    <screen>
                        <origin><x>     36</x>    <y>     190</y>     </origin>
                        <size>  <width>100</width><height>100</height></size>
                    </screen>
                    <texture>
                        <origin><x>    412</x>    <y>       0</y>     </origin>
                        <size>  <width>100</width><height>100</height></size>
					</texture>
                    <color><red>255</red><green>255</green><blue>255</blue><alpha>255</alpha></color>
					<animation>
						<fadein>0</fadein>
						<holdon>1</holdon>
						<fadeout>10</fadeout>
					</animation>
                    <out>1</out><in>128</in>
                	<sound>
						<ondown>1</ondown>
					</sound>
                </button>
                <button>
                    <!-- L -->
                    <type>normal</type>
                    <zorder>6</zorder>
                    <toucharea>
                        <origin><x>    108</x>    <y>     225</y>     </origin>
                        <size>  <width> 59</width><height> 23</height></size>
                    </toucharea>
                    <screen>
                        <origin><x>    87</x>    <y>     190</y>     </origin>
                        <size>  <width>100</width><height>100</height></size>
                    </screen>
                    <texture>
                        <origin><x>    412</x>    <y>       0</y>     </origin>
                        <size>  <width>100</width><height>100</height></size>
					</texture>
                    <color><red>255</red><green>255</green><blue>255</blue><alpha>255</alpha></color>
					<animation>
						<fadein>0</fadein>
						<holdon>1</holdon>
						<fadeout>10</fadeout>
					</animation>
                    <out>0</out><in>128</in>
                	<sound>
						<ondown>1</ondown>
					</sound>
                </button>
                
				<button>
                    <!-- ^ -->
                    <type>normal</type>
                    <zorder>6</zorder>
                    <toucharea>
                        <origin><x>    198</x>    <y>     189</y>     </origin>
                        <size>  <width> 58</width><height> 15</height></size>
                    </toucharea>
                    <screen>
                        <origin><x>    187</x>    <y>     153</y>     </origin>
                        <size>  <width>100</width><height>100</height></size>
                    </screen>
                    <texture>
                        <origin><x>    412</x>    <y>       0</y>     </origin>
                        <size>  <width>100</width><height>100</height></size>
					</texture>
                    <color><red>255</red><green>255</green><blue>255</blue><alpha>255</alpha></color>
					<animation>
						<fadein>0</fadein>
						<holdon>1</holdon>
						<fadeout>10</fadeout>
					</animation>
                    <out>6</out><in>8</in>
                	<sound>
						<ondown>1</ondown>
					</sound>
                </button>
				<button>
                    <!-- < -->
                    <type>normal</type>
                    <zorder>6</zorder>
                    <toucharea>
                        <origin><x>    173</x>    <y>     212</y>     </origin>
                        <size>  <width> 58</width><height> 27</height></size>
                    </toucharea>
                    <screen>
                        <origin><x>    153</x>    <y>     177</y>     </origin>
                        <size>  <width>100</width><height>100</height></size>
                    </screen>
                    <texture>
                        <origin><x>    412</x>    <y>       0</y>     </origin>
                        <size>  <width>100</width><height>100</height></size>
					</texture>
                    <color><red>255</red><green>255</green><blue>255</blue><alpha>255</alpha></color>
					<animation>
						<fadein>0</fadein>
						<holdon>1</holdon>
						<fadeout>10</fadeout>
					</animation>
                    <out>6</out><in>4</in>
                	<sound>
						<ondown>1</ondown>
					</sound>
                </button>
				<button>
                    <!-- > -->
                    <type>normal</type>
                    <zorder>6</zorder>
                    <toucharea>
                        <origin><x>    250</x>    <y>     212</y>     </origin>
                        <size>  <width> 58</width><height> 27</height></size>
                    </toucharea>
                    <screen>
                        <origin><x>    228</x>    <y>     177</y>     </origin>
                        <size>  <width>100</width><height>100</height></size>
                    </screen>
                    <texture>
                        <origin><x>    412</x>    <y>       0</y>     </origin>
                        <size>  <width>100</width><height>100</height></size>
					</texture>
                    <color><red>255</red><green>255</green><blue>255</blue><alpha>255</alpha></color>
					<animation>
						<fadein>0</fadein>
						<holdon>1</holdon>
						<fadeout>10</fadeout>
					</animation>
                    <out>6</out><in>1</in>
                	<sound>
						<ondown>1</ondown>
					</sound>
                </button>
				<button>
                    <!-- v -->
                    <type>normal</type>
                    <zorder>6</zorder>
                    <toucharea>
                        <origin><x>    208</x>    <y>     229</y>     </origin>
                        <size>  <width> 58</width><height> 23</height></size>
                    </toucharea>
                    <screen>
                        <origin><x>    190</x>    <y>     191</y>     </origin>
                        <size>  <width>100</width><height>100</height></size>
                    </screen>
                    <texture>
                        <origin><x>    412</x>    <y>       0</y>     </origin>
                        <size>  <width>100</width><height>100</height></size>
					</texture>
                    <color><red>255</red><green>255</green><blue>255</blue><alpha>255</alpha></color>
					<animation>
						<fadein>0</fadein>
						<holdon>1</holdon>
						<fadeout>10</fadeout>
					</animation>
                    <out>6</out><in>2</in>
                	<sound>
						<ondown>1</ondown>
					</sound>
                </button>
				
				
				
                <button>
                    <!-- M -->
                    <type>normal</type>
                    <zorder>6</zorder>
                    <toucharea>
                        <origin><x>     7</x>    <y>     258</y>     </origin>
                        <size>  <width> 60</width><height> 23</height></size>
                    </toucharea>
                    <screen>
                        <origin><x>     -13</x>    <y>     221</y>     </origin>
                        <size>  <width>100</width><height>100</height></size>
                    </screen>
                    <texture>
                        <origin><x>    412</x>    <y>       0</y>     </origin>
                        <size>  <width>100</width><height>100</height></size>
					</texture>
                    <color><red>255</red><green>255</green><blue>255</blue><alpha>255</alpha></color>
					<animation>
						<fadein>0</fadein>
						<holdon>1</holdon>
						<fadeout>10</fadeout>
					</animation>
                    <out>4</out><in>64</in>
                	<sound>
						<ondown>1</ondown>
					</sound>
                </button>
                <button>
                    <!-- N -->
                    <type>normal</type>
                    <zorder>6</zorder>
                    <toucharea>
                        <origin><x>     67</x>    <y>     258</y>     </origin>
                        <size>  <width> 60</width><height> 23</height></size>
                    </toucharea>
                    <screen>
                        <origin><x>     47</x>    <y>     221</y>     </origin>
                        <size>  <width>100</width><height>100</height></size>
                    </screen>
                    <texture>
                        <origin><x>    412</x>    <y>       0</y>     </origin>
                        <size>  <width>100</width><height>100</height></size>
					</texture>
                    <color><red>255</red><green>255</green><blue>255</blue><alpha>255</alpha></color>
					<animation>
						<fadein>0</fadein>
						<holdon>1</holdon>
						<fadeout>10</fadeout>
					</animation>
                    <out>3</out><in>64</in>
                	<sound>
						<ondown>1</ondown>
					</sound>
                </button>
                <button>
                    <!-- O -->
                    <type>normal</type>
                    <zorder>6</zorder>
					<toucharea>
                        <origin><x>    130</x>    <y>     258</y>     </origin>
                        <size>  <width> 60</width><height> 23</height></size>
                    </toucharea>
                    <screen>
                        <origin><x>    110</x>    <y>     221</y>     </origin>
                        <size>  <width>100</width><height>100</height></size>
                    </screen>
                    <texture>
                        <origin><x>    412</x>    <y>       0</y>     </origin>
                        <size>  <width>100</width><height>100</height></size>
					</texture>
                    <color><red>255</red><green>255</green><blue>255</blue><alpha>255</alpha></color>
					<animation>
						<fadein>0</fadein>
						<holdon>1</holdon>
						<fadeout>10</fadeout>
					</animation>
                    <out>2</out><in>64</in>
                	<sound>
						<ondown>1</ondown>
					</sound>
                </button>
                <button>
                    <!-- P -->
                    <type>normal</type>
                    <zorder>6</zorder>
					<toucharea>
                        <origin><x>    190</x>    <y>     258</y>     </origin>
                        <size>  <width> 60</width><height> 23</height></size>
                    </toucharea>
                    <screen>
                        <origin><x>    172</x>    <y>     221</y>     </origin>
                        <size>  <width>100</width><height>100</height></size>
                    </screen>
                    <texture>
                        <origin><x>    412</x>    <y>       0</y>     </origin>
                        <size>  <width>100</width><height>100</height></size>
					</texture>
                    <color><red>255</red><green>255</green><blue>255</blue><alpha>255</alpha></color>
					<animation>
						<fadein>0</fadein>
						<holdon>1</holdon>
						<fadeout>10</fadeout>
					</animation>
                    <out>1</out><in>64</in>
                	<sound>
						<ondown>1</ondown>
					</sound>
                </button>
                <button>
                    <!-- DEL -->
                    <type>normal</type>
                    <zorder>6</zorder>
                    <toucharea>
                        <origin><x>    254</x>    <y>     258</y>     </origin>
                        <size>  <width> 60</width><height> 23</height></size>
                    </toucharea>
                    <screen>
                        <origin><x>    234</x>    <y>     221</y>     </origin>
                        <size>  <width>100</width><height>100</height></size>
                    </screen>
                    <texture>
                        <origin><x>    412</x>    <y>       0</y>     </origin>
                        <size>  <width>100</width><height>100</height></size>
					</texture>
                    <color><red>255</red><green>255</green><blue>255</blue><alpha>255</alpha></color>
					<animation>
						<fadein>0</fadein>
						<holdon>1</holdon>
						<fadeout>10</fadeout>
					</animation>
                    <out>0</out><in>64</in>
                	<sound>
						<ondown>1</ondown>
					</sound>
                </button>
				
				<button>
                    <!-- Q -->
                    <type>normal</type>
                    <zorder>6</zorder>
                    <toucharea>
                        <origin><x>     7</x>    <y>     286</y>     </origin>
                        <size>  <width> 60</width><height> 23</height></size>
                    </toucharea>
                    <screen>
                        <origin><x>     -13</x>    <y>     250</y>     </origin>
                        <size>  <width>100</width><height>100</height></size>
                    </screen>
                    <texture>
                        <origin><x>    412</x>    <y>       0</y>     </origin>
                        <size>  <width>100</width><height>100</height></size>
					</texture>
                    <color><red>255</red><green>255</green><blue>255</blue><alpha>255</alpha></color>
					<animation>
						<fadein>0</fadein>
						<holdon>1</holdon>
						<fadeout>10</fadeout>
					</animation>
                    <out>4</out><in>32</in>
                	<sound>
						<ondown>1</ondown>
					</sound>
                </button>
                <button>
                    <!-- R -->
                    <type>normal</type>
                    <zorder>6</zorder>
                    <toucharea>
                        <origin><x>     67</x>    <y>     286</y>     </origin>
                        <size>  <width> 60</width><height> 23</height></size>
                    </toucharea>
                    <screen>
                        <origin><x>     47</x>    <y>     250</y>     </origin>
                        <size>  <width>100</width><height>100</height></size>
                    </screen>
                    <texture>
                        <origin><x>    412</x>    <y>       0</y>     </origin>
                        <size>  <width>100</width><height>100</height></size>
					</texture>
                    <color><red>255</red><green>255</green><blue>255</blue><alpha>255</alpha></color>
					<animation>
						<fadein>0</fadein>
						<holdon>1</holdon>
						<fadeout>10</fadeout>
					</animation>
                    <out>3</out><in>32</in>
                	<sound>
						<ondown>1</ondown>
					</sound>
                </button>  
                <button>
                    <!-- S -->
                    <type>normal</type>
                    <zorder>6</zorder>
                    <toucharea>
                        <origin><x>    130</x>    <y>     286</y>     </origin>
                        <size>  <width> 60</width><height> 23</height></size>
                    </toucharea>
                    <screen>
                        <origin><x>    110</x>    <y>     250</y>     </origin>
                        <size>  <width>100</width><height>100</height></size>
                    </screen>
                    <texture>
                        <origin><x>    412</x>    <y>       0</y>     </origin>
                        <size>  <width>100</width><height>100</height></size>
					</texture>
                    <color><red>255</red><green>255</green><blue>255</blue><alpha>255</alpha></color>
					<animation>
						<fadein>0</fadein>
						<holdon>1</holdon>
						<fadeout>10</fadeout>
					</animation>
                    <out>2</out><in>32</in>
                	<sound>
						<ondown>1</ondown>
					</sound>
                </button>
                <button>
                    <!-- T -->
                    <type>normal</type>
                    <zorder>6</zorder>
                    <toucharea>
                        <origin><x>    190</x>    <y>     286</y>     </origin>
                        <size>  <width> 60</width><height> 23</height></size>
                    </toucharea>
                    <screen>
                        <origin><x>    172</x>    <y>     250</y>     </origin>
                        <size>  <width>100</width><height>100</height></size>
                    </screen>
                    <texture>
                        <origin><x>    412</x>    <y>       0</y>     </origin>
                        <size>  <width>100</width><height>100</height></size>
					</texture>
                    <color><red>255</red><green>255</green><blue>255</blue><alpha>255</alpha></color>
					<animation>
						<fadein>0</fadein>
						<holdon>1</holdon>
						<fadeout>10</fadeout>
					</animation>
                    <out>1</out><in>32</in>
                	<sound>
						<ondown>1</ondown>
					</sound>
                </button>
                <button>
                    <!-- U -->
                    <type>normal</type>
                    <zorder>6</zorder>
                    <toucharea>
                        <origin><x>    254</x>    <y>     286</y>     </origin>
                        <size>  <width> 60</width><height> 23</height></size>
                    </toucharea>
                    <screen>
                        <origin><x>    234</x>    <y>     250</y>     </origin>
                        <size>  <width>100</width><height>100</height></size>
                    </screen>
                    <texture>
                        <origin><x>    412</x>    <y>       0</y>     </origin>
                        <size>  <width>100</width><height>100</height></size>
					</texture>
                    <color><red>255</red><green>255</green><blue>255</blue><alpha>255</alpha></color>
					<animation>
						<fadein>0</fadein>
						<holdon>1</holdon>
						<fadeout>10</fadeout>
					</animation>
                    <out>0</out><in>32</in>
                	<sound>
						<ondown>1</ondown>
					</sound>
                </button>
				
                <button>
                    <!-- V -->
                    <type>normal</type>
                    <zorder>6</zorder>
                    <toucharea>
                        <origin><x>     7</x>    <y>     318</y>     </origin>
                        <size>  <width> 60</width><height> 23</height></size>
                    </toucharea>
                    <screen>
                        <origin><x>     -13</x>    <y>     281</y>     </origin>
                        <size>  <width>100</width><height>100</height></size>
                    </screen>
                    <texture>
                        <origin><x>    412</x>    <y>       0</y>     </origin>
                        <size>  <width>100</width><height>100</height></size>
					</texture>
                    <color><red>255</red><green>255</green><blue>255</blue><alpha>255</alpha></color>
					<animation>
						<fadein>0</fadein>
						<holdon>1</holdon>
						<fadeout>10</fadeout>
					</animation>
                    <out>4</out><in>16</in>
                	<sound>
						<ondown>1</ondown>
					</sound>
                </button>
                <button>
                    <!-- W -->
                    <type>normal</type>
                    <zorder>6</zorder>
                    <toucharea>
                        <origin><x>     67</x>    <y>     318</y>     </origin>
                        <size>  <width> 60</width><height> 23</height></size>
                    </toucharea>
                    <screen>
                        <origin><x>     47</x>    <y>     281</y>     </origin>
                        <size>  <width>100</width><height>100</height></size>
                    </screen>
                    <texture>
                        <origin><x>    412</x>    <y>       0</y>     </origin>
                        <size>  <width>100</width><height>100</height></size>
					</texture>
                    <color><red>255</red><green>255</green><blue>255</blue><alpha>255</alpha></color>
					<animation>
						<fadein>0</fadein>
						<holdon>1</holdon>
						<fadeout>10</fadeout>
					</animation>
                    <out>3</out><in>16</in>
                	<sound>
						<ondown>1</ondown>
					</sound>
                </button>
                <button>
                    <!-- X -->
                    <type>normal</type>
                    <zorder>6</zorder>
                    <toucharea>
                        <origin><x>    130</x>    <y>     318</y>     </origin>
                        <size>  <width> 60</width><height> 23</height></size>
                    </toucharea>
                    <screen>
                        <origin><x>    110</x>    <y>     281</y>     </origin>
                        <size>  <width>100</width><height>100</height></size>
                    </screen>
                    <texture>
                        <origin><x>    412</x>    <y>       0</y>     </origin>
                        <size>  <width>100</width><height>100</height></size>
					</texture>
                    <color><red>255</red><green>255</green><blue>255</blue><alpha>255</alpha></color>
					<animation>
						<fadein>0</fadein>
						<holdon>1</holdon>
						<fadeout>10</fadeout>
					</animation>
                    <out>2</out><in>16</in>
                	<sound>
						<ondown>1</ondown>
					</sound>
                </button>
                <button>
                    <!-- Y -->
                    <type>normal</type>
                    <zorder>6</zorder>
                    <toucharea>
                        <origin><x>    190</x>    <y>     318</y>     </origin>
                        <size>  <width> 60</width><height> 23</height></size>
                    </toucharea>
                    <screen>
                        <origin><x>    172</x>    <y>     281</y>     </origin>
                        <size>  <width>100</width><height>100</height></size>
                    </screen>
                    <texture>
                        <origin><x>    412</x>    <y>       0</y>     </origin>
                        <size>  <width>100</width><height>100</height></size>
					</texture>
                    <color><red>255</red><green>255</green><blue>255</blue><alpha>255</alpha></color>
					<animation>
						<fadein>0</fadein>
						<holdon>1</holdon>
						<fadeout>10</fadeout>
					</animation>
                    <out>1</out><in>16</in>
                	<sound>
						<ondown>1</ondown>
					</sound>
                </button>
                <button>
                    <!-- Z -->
                    <type>normal</type>
                    <zorder>6</zorder>
                    <toucharea>
                        <origin><x>    254</x>    <y>     318</y>     </origin>
                        <size>  <width> 60</width><height> 23</height></size>
                    </toucharea>
                    <screen>
                        <origin><x>    234</x>    <y>     281</y>     </origin>
                        <size>  <width>100</width><height>100</height></size>
                    </screen>
                    <texture>
                        <origin><x>    412</x>    <y>       0</y>     </origin>
                        <size>  <width>100</width><height>100</height></size>
					</texture>
                    <color><red>255</red><green>255</green><blue>255</blue><alpha>255</alpha></color>
					<animation>
						<fadein>0</fadein>
						<holdon>1</holdon>
						<fadeout>10</fadeout>
					</animation>
                    <out>0</out><in>16</in>
                	<sound>
						<ondown>1</ondown>
					</sound>
                </button>
                
                <button>
                    <!-- alpha -->
                    <type>normal</type>
                    <zorder>6</zorder>
                    <toucharea>
                        <origin><x>     7</x>    <y>     348</y>     </origin>
                        <size>  <width> 60</width><height> 23</height></size>
                    </toucharea>
                    <screen>
                        <origin><x>     -13</x>    <y>     309</y>     </origin>
                        <size>  <width>100</width><height>100</height></size>
                    </screen>
                    <texture>
                        <origin><x>    412</x>    <y>       0</y>     </origin>
                        <size>  <width>100</width><height>100</height></size>
					</texture>
                    <color><red>255</red><green>255</green><blue>255</blue><alpha>255</alpha></color>
					<animation>
						<fadein>0</fadein>
						<holdon>1</holdon>
						<fadeout>10</fadeout>
					</animation>
                    <out>7</out><in>8</in>
                	<sound>
						<ondown>1</ondown>
					</sound>
                </button>
                <button>
                    <!-- 7 -->
                    <type>normal</type>
                    <zorder>6</zorder>
                    <toucharea>
                        <origin><x>     67</x>    <y>     348</y>     </origin>
                        <size>  <width> 60</width><height> 23</height></size>
                    </toucharea>
                    <screen>
                        <origin><x>     47</x>    <y>     309</y>     </origin>
                        <size>  <width>100</width><height>100</height></size>
                    </screen>
                    <texture>
                        <origin><x>    412</x>    <y>       0</y>     </origin>
                        <size>  <width>100</width><height>100</height></size>
					</texture>
                    <color><red>255</red><green>255</green><blue>255</blue><alpha>255</alpha></color>
					<animation>
						<fadein>0</fadein>
						<holdon>1</holdon>
						<fadeout>10</fadeout>
					</animation>
                    <out>3</out><in>8</in>
                	<sound>
						<ondown>1</ondown>
					</sound>
                </button>
                <button>
                    <!-- 8 -->
                    <type>normal</type>
                    <zorder>6</zorder>
                    <toucharea>
                        <origin><x>    130</x>    <y>     348</y>     </origin>
                        <size>  <width> 60</width><height> 23</height></size>
                    </toucharea>
                    <screen>
                        <origin><x>    110</x>    <y>     309</y>     </origin>
                        <size>  <width>100</width><height>100</height></size>
                    </screen>
                    <texture>
                        <origin><x>    412</x>    <y>       0</y>     </origin>
                        <size>  <width>100</width><height>100</height></size>
					</texture>
                    <color><red>255</red><green>255</green><blue>255</blue><alpha>255</alpha></color>
					<animation>
						<fadein>0</fadein>
						<holdon>1</holdon>
						<fadeout>10</fadeout>
					</animation>
                    <out>2</out><in>8</in>
                	<sound>
						<ondown>1</ondown>
					</sound>
                </button>
                <button>
                    <!-- 9 -->
                    <type>normal</type>
                    <zorder>6</zorder>
                    <toucharea>
                        <origin><x>    190</x>    <y>     348</y>     </origin>
                        <size>  <width> 60</width><height> 23</height></size>
                    </toucharea>
                    <screen>
                        <origin><x>    172</x>    <y>     309</y>     </origin>
                        <size>  <width>100</width><height>100</height></size>
                    </screen>
                    <texture>
                        <origin><x>    412</x>    <y>       0</y>     </origin>
                        <size>  <width>100</width><height>100</height></size>
					</texture>
                    <color><red>255</red><green>255</green><blue>255</blue><alpha>255</alpha></color>
					<animation>
						<fadein>0</fadein>
						<holdon>1</holdon>
						<fadeout>10</fadeout>
					</animation>
                    <out>1</out><in>8</in>
                	<sound>
						<ondown>1</ondown>
					</sound>
                </button>
                <button>
                    <!-- * -->
                    <type>normal</type>
                    <zorder>6</zorder>
                    <toucharea>
                        <origin><x>    254</x>    <y>     348</y>     </origin>
                        <size>  <width> 60</width><height> 23</height></size>
                    </toucharea>
                    <screen>
                        <origin><x>    234</x>    <y>     309</y>     </origin>
                        <size>  <width>100</width><height>100</height></size>
                    </screen>
                    <texture>
                        <origin><x>    412</x>    <y>       0</y>     </origin>
                        <size>  <width>100</width><height>100</height></size>
					</texture>
                    <color><red>255</red><green>255</green><blue>255</blue><alpha>255</alpha></color>
					<animation>
						<fadein>0</fadein>
						<holdon>1</holdon>
						<fadeout>10</fadeout>
					</animation>
                    <out>0</out><in>8</in>
                	<sound>
						<ondown>1</ondown>
					</sound>
                </button>
                
				<button>
                    <!-- shift left -->
                    <type>normal</type>
                    <zorder>6</zorder>
                    <toucharea>
                        <origin><x>     7</x>    <y>     381</y>     </origin>
                        <size>  <width> 60</width><height> 23</height></size>
                    </toucharea>
                    <screen>
                        <origin><x>     -13</x>    <y>     343</y>     </origin>
                        <size>  <width>100</width><height>100</height></size>
                    </screen>
                    <texture>
                        <origin><x>    412</x>    <y>       0</y>     </origin>
                        <size>  <width>100</width><height>100</height></size>
					</texture>
                    <color><red>255</red><green>255</green><blue>255</blue><alpha>255</alpha></color>
					<animation>
						<fadein>0</fadein>
						<holdon>1</holdon>
						<fadeout>10</fadeout>
					</animation>
                    <out>7</out><in>4</in>
                	<sound>
						<ondown>1</ondown>
					</sound>
                </button>
                <button>
                    <!-- 4 -->
                    <type>normal</type>
                    <zorder>6</zorder>
                    <toucharea>
                        <origin><x>     67</x>    <y>     381</y>     </origin>
                        <size>  <width> 60</width><height> 23</height></size>
                    </toucharea>
                    <screen>
                        <origin><x>     47</x>    <y>     343</y>     </origin>
                        <size>  <width>100</width><height>100</height></size>
                    </screen>
                    <texture>
                        <origin><x>    412</x>    <y>       0</y>     </origin>
                        <size>  <width>100</width><height>100</height></size>
					</texture>
                    <color><red>255</red><green>255</green><blue>255</blue><alpha>255</alpha></color>
					<animation>
						<fadein>0</fadein>
						<holdon>1</holdon>
						<fadeout>10</fadeout>
					</animation>
                    <out>3</out><in>4</in>
                	<sound>
						<ondown>1</ondown>
					</sound>
                </button>
                <button>
                    <!-- 5 -->
                    <type>normal</type>
                    <zorder>6</zorder>
                    <toucharea>
                        <origin><x>    130</x>    <y>     381</y>     </origin>
                        <size>  <width> 60</width><height> 23</height></size>
                    </toucharea>
                    <screen>
                        <origin><x>    110</x>    <y>     343</y>     </origin>
                        <size>  <width>100</width><height>100</height></size>
                    </screen>
                    <texture>
                        <origin><x>    412</x>    <y>       0</y>     </origin>
                        <size>  <width>100</width><height>100</height></size>
					</texture>
                    <color><red>255</red><green>255</green><blue>255</blue><alpha>255</alpha></color>
					<animation>
						<fadein>0</fadein>
						<holdon>1</holdon>
						<fadeout>10</fadeout>
					</animation>
                    <out>2</out><in>4</in>
                	<sound>
						<ondown>1</ondown>
					</sound>
                </button>
                <button>
                    <!-- 6 -->
                    <type>normal</type>
                    <zorder>6</zorder>
                    <toucharea>
                        <origin><x>    190</x>    <y>     381</y>     </origin>
                        <size>  <width> 60</width><height> 23</height></size>
                    </toucharea>
                    <screen>
                        <origin><x>    172</x>    <y>     343</y>     </origin>
                        <size>  <width>100</width><height>100</height></size>
                    </screen>
                    <texture>
                        <origin><x>    412</x>    <y>       0</y>     </origin>
                        <size>  <width>100</width><height>100</height></size>
					</texture>
                    <color><red>255</red><green>255</green><blue>255</blue><alpha>255</alpha></color>
					<animation>
						<fadein>0</fadein>
						<holdon>1</holdon>
						<fadeout>10</fadeout>
					</animation>
                    <out>1</out><in>4</in>
                	<sound>
						<ondown>1</ondown>
					</sound>
                </button>
                <button>
                    <!-- - -->
                    <type>normal</type>
                    <zorder>6</zorder>
                    <toucharea>
                        <origin><x>    254</x>    <y>     381</y>     </origin>
                        <size>  <width> 60</width><height> 23</height></size>
                    </toucharea>
                    <screen>
                        <origin><x>    234</x>    <y>     343</y>     </origin>
                        <size>  <width>100</width><height>100</height></size>
                    </screen>
                    <texture>
                        <origin><x>    412</x>    <y>       0</y>     </origin>
                        <size>  <width>100</width><height>100</height></size>
					</texture>
                    <color><red>255</red><green>255</green><blue>255</blue><alpha>255</alpha></color>
					<animation>
						<fadein>0</fadein>
						<holdon>1</holdon>
						<fadeout>10</fadeout>
					</animation>
                    <out>0</out><in>4</in>
                	<sound>
						<ondown>1</ondown>
					</sound>
                </button>
				
				<button>
                    <!-- shift right -->
                    <type>normal</type>
                    <zorder>6</zorder>
                    <toucharea>
                        <origin><x>     7</x>    <y>     413</y>     </origin>
                        <size>  <width> 60</width><height> 31</height></size>
                    </toucharea>
                    <screen>
                        <origin><x>     -15</x>    <y>     376</y>     </origin>
                        <size>  <width>100</width><height>100</height></size>
                    </screen>
                    <texture>
                        <origin><x>    412</x>    <y>       0</y>     </origin>
                        <size>  <width>100</width><height>100</height></size>
					</texture>
                    <color><red>255</red><green>255</green><blue>255</blue><alpha>255</alpha></color>
					<animation>
						<fadein>0</fadein>
						<holdon>1</holdon>
						<fadeout>10</fadeout>
					</animation>
                    <out>7</out><in>2</in>
                	<sound>
						<ondown>1</ondown>
					</sound>
                </button>
                <button>
                    <!-- 1 -->
                    <type>normal</type>
                    <zorder>6</zorder>
                    <toucharea>
                        <origin><x>     67</x>    <y>     413</y>     </origin>
                        <size>  <width> 60</width><height> 23</height></size>
                    </toucharea>
                    <screen>
                        <origin><x>     47</x>    <y>     376</y>     </origin>
                        <size>  <width>100</width><height>100</height></size>
                    </screen>
                    <texture>
                        <origin><x>    412</x>    <y>       0</y>     </origin>
                        <size>  <width>100</width><height>100</height></size>
					</texture>
                    <color><red>255</red><green>255</green><blue>255</blue><alpha>255</alpha></color>
					<animation>
						<fadein>0</fadein>
						<holdon>1</holdon>
						<fadeout>10</fadeout>
					</animation>
                    <out>3</out><in>2</in>
                	<sound>
						<ondown>1</ondown>
					</sound>
                </button>
                <button>
                    <!-- 2 -->
                    <type>normal</type>
                    <zorder>6</zorder>
                    <toucharea>
                        <origin><x>    130</x>    <y>     413</y>     </origin>
                        <size>  <width> 60</width><height> 23</height></size>
                    </toucharea>
                    <screen>
                        <origin><x>    110</x>    <y>     376</y>     </origin>
                        <size>  <width>100</width><height>100</height></size>
                    </screen>
                    <texture>
                        <origin><x>    412</x>    <y>       0</y>     </origin>
                        <size>  <width>100</width><height>100</height></size>
					</texture>
                    <color><red>255</red><green>255</green><blue>255</blue><alpha>255</alpha></color>
					<animation>
						<fadein>0</fadein>
						<holdon>1</holdon>
						<fadeout>10</fadeout>
					</animation>
                    <out>2</out><in>2</in>
                	<sound>
						<ondown>1</ondown>
					</sound>
                </button>
                <button>
                    <!-- 3 -->
                    <type>normal</type>
                    <zorder>6</zorder>
                    <toucharea>
                        <origin><x>    190</x>    <y>     413</y>     </origin>
                        <size>  <width> 60</width><height> 23</height></size>
                    </toucharea>
                    <screen>
                        <origin><x>    172</x>    <y>     376</y>     </origin>
                        <size>  <width>100</width><height>100</height></size>
                    </screen>
                    <texture>
                        <origin><x>    412</x>    <y>       0</y>     </origin>
                        <size>  <width>100</width><height>100</height></size>
					</texture>
                    <color><red>255</red><green>255</green><blue>255</blue><alpha>255</alpha></color>
					<animation>
						<fadein>0</fadein>
						<holdon>1</holdon>
						<fadeout>10</fadeout>
					</animation>
                    <out>1</out><in>2</in>
                	<sound>
						<ondown>1</ondown>
					</sound>
                </button>
                <button>
                    <!-- + -->
                    <type>normal</type>
                    <zorder>6</zorder>
                    <toucharea>
                        <origin><x>    254</x>    <y>     413</y>     </origin>
                        <size>  <width> 60</width><height> 23</height></size>
                    </toucharea>
                    <screen>
                        <origin><x>    234</x>    <y>     376</y>     </origin>
                        <size>  <width>100</width><height>100</height></size>
                    </screen>
                    <texture>
                        <origin><x>    412</x>    <y>       0</y>     </origin>
                        <size>  <width>100</width><height>100</height></size>
					</texture>
                    <color><red>255</red><green>255</green><blue>255</blue><alpha>255</alpha></color>
					<animation>
						<fadein>0</fadein>
						<holdon>1</holdon>
						<fadeout>10</fadeout>
					</animation>
                    <out>0</out><in>2</in>
                	<sound>
						<ondown>1</ondown>
					</sound>
                </button>
				
				<button>
                    <!-- ON -->
                    <type>normal</type>
                    <zorder>6</zorder>
                    <toucharea>
                        <origin><x>     7</x>    <y>     446</y>     </origin>
                        <size>  <width> 60</width><height> 23</height></size>
                    </toucharea>
                    <screen>
                        <origin><x>     -13</x>    <y>     408</y>     </origin>
                        <size>  <width>100</width><height>100</height></size>
                    </screen>
                    <texture>
                        <origin><x>    412</x>    <y>       0</y>     </origin>
                        <size>  <width>100</width><height>100</height></size>
					</texture>
                    <color><red>255</red><green>255</green><blue>255</blue><alpha>255</alpha></color>
					<animation>
						<fadein>0</fadein>
						<holdon>1</holdon>
						<fadeout>10</fadeout>
					</animation>
                    <out>0</out><in>32768</in>
                	<sound>
						<ondown>1</ondown>
					</sound>
                </button>
                <button>
                    <!-- 0 -->
                    <type>normal</type>
                    <zorder>6</zorder>
                    <toucharea>
                        <origin><x>     67</x>    <y>     446</y>     </origin>
                        <size>  <width> 60</width><height> 23</height></size>
                    </toucharea>
                    <screen>
                        <origin><x>     47</x>    <y>     408</y>     </origin>
                        <size>  <width>100</width><height>100</height></size>
                    </screen>
                    <texture>
                        <origin><x>    412</x>    <y>       0</y>     </origin>
                        <size>  <width>100</width><height>100</height></size>
					</texture>
                    <color><red>255</red><green>255</green><blue>255</blue><alpha>255</alpha></color>
					<animation>
						<fadein>0</fadein>
						<holdon>1</holdon>
						<fadeout>10</fadeout>
					</animation>
                    <out>3</out><in>1</in>
                	<sound>
						<ondown>1</ondown>
					</sound>
                </button>
                <button>
                    <!-- . -->
                    <type>normal</type>
                    <zorder>6</zorder>
                    <toucharea>
                        <origin><x>    130</x>    <y>     446</y>     </origin>
                        <size>  <width> 60</width><height> 23</height></size>
                    </toucharea>
                    <screen>
                        <origin><x>    110</x>    <y>     408</y>     </origin>
                        <size>  <width>100</width><height>100</height></size>
                    </screen>
                    <texture>
                        <origin><x>    412</x>    <y>       0</y>     </origin>
                        <size>  <width>100</width><height>100</height></size>
					</texture>
                    <color><red>255</red><green>255</green><blue>255</blue><alpha>255</alpha></color>
					<animation>
						<fadein>0</fadein>
						<holdon>1</holdon>
						<fadeout>10</fadeout>
					</animation>
                    <out>2</out><in>1</in>
                	<sound>
						<ondown>1</ondown>
					</sound>
                </button>
                <button>
                    <!-- SPC -->
                    <type>normal</type>
                    <zorder>6</zorder>
                    <toucharea>
                        <origin><x>    190</x>    <y>     446</y>     </origin>
                        <size>  <width> 60</width><height> 23</height></size>
                    </toucharea>
                    <screen>
                        <origin><x>    172</x>    <y>     408</y>     </origin>
                        <size>  <width>100</width><height>100</height></size>
                    </screen>
                    <texture>
                        <origin><x>    412</x>    <y>       0</y>     </origin>
                        <size>  <width>100</width><height>100</height></size>
					</texture>
                    <color><red>255</red><green>255</green><blue>255</blue><alpha>255</alpha></color>
					<animation>
						<fadein>0</fadein>
						<holdon>1</holdon>
						<fadeout>10</fadeout>
					</animation>
                    <out>1</out><in>1</in>
                	<sound>
						<ondown>1</ondown>
					</sound>
                </button>
                <button>
                    <!-- ENTER -->
                    <type>normal</type>
                    <zorder>6</zorder>
                    <toucharea>
                        <origin><x>    254</x>    <y>     446</y>     </origin>
                        <size>  <width> 60</width><height> 23</height></size>
                    </toucharea>
                    <screen>
                        <origin><x>    234</x>    <y>     408</y>     </origin>
                        <size>  <width>100</width><height>100</height></size>
                    </screen>
                    <texture>
                        <origin><x>    412</x>    <y>       0</y>     </origin>
                        <size>  <width>100</width><height>100</height></size>
					</texture>
                    <color><red>255</red><green>255</green><blue>255</blue><alpha>255</alpha></color>
					<animation>
						<fadein>0</fadein>
						<holdon>1</holdon>
						<fadeout>10</fadeout>
					</animation>
                    <out>0</out><in>1</in>
                	<sound>
						<ondown>1</ondown>
					</sound>
                </button>
                

                <!-- F -->              <button><id> 6</id><ghost /><out>5</out><in>32</in></button>
				<!-- STARTUP SCRIPT WHEN AUTOLOAD LOADS THIS SKIN -->
				<button>
					<type>init</type>
					<ghost />
					<actions>
						<action><buttonid>6</buttonid></action>
					</actions>
				</button>
            </buttons>
        </orientation>
    </orientations>
</m48SkinFile>
