<?xml version="1.0" encoding="UTF-8" ?>
<m48SkinFile>
	<global>
		<title>Emu48 Real 38G</title>
		<message>Based on a scan of original calculator. LCD scaled 2x for maximum sharpness of pixel.</message>
		<hardware>Yorke</hardware>
		<model>A</model>
		<framerate>24</framerate>
		<rom>
            <filename>/ROMs/HP38G/rom.38g</filename>
			<patch>
				<filename>/ROMs/HP38G/beeppatch.38g</filename>
			</patch>
        </rom>
		<soundfiles>
			<soundfile>
				<id>1</id>
				<filename>../Sounds/tock.wav</filename>
			</soundfile>
		</soundfiles>
		<lcdsettings>
			<interpolation><disabled /></interpolation>	
			<colors>
				<!-- Foreground colors -->
				<color><!--  0 --><red>  0</red><green>  0</green><blue>  0</blue><alpha>255</alpha></color>
				<color><!--  1 --><red>  0</red><green>  0</green><blue>  0</blue><alpha>255</alpha></color>
				<color><!--  2 --><red>  0</red><green>  0</green><blue>  0</blue><alpha>255</alpha></color>
				<color><!--  3 --><red>  0</red><green>  0</green><blue>  0</blue><alpha>255</alpha></color>
				<color><!--  4 --><red>  0</red><green>  0</green><blue>  0</blue><alpha>255</alpha></color>
				<color><!--  5 --><red>  0</red><green>  0</green><blue>  0</blue><alpha>255</alpha></color>
				<color><!--  6 --><red>  0</red><green>  0</green><blue>  0</blue><alpha>255</alpha></color>
				<color><!--  7 --><red>  0</red><green>  0</green><blue>  0</blue><alpha>255</alpha></color>
				<color><!--  8 --><red>  0</red><green>  0</green><blue>  0</blue><alpha>255</alpha></color>
				
				<color><!--  9 --><red>  0</red><green>  0</green><blue>  0</blue><alpha>  0</alpha></color>
				<color><!-- 10 --><red>  0</red><green>  0</green><blue>  0</blue><alpha> 51</alpha></color>
				<color><!-- 11 --><red>  0</red><green>  0</green><blue>  0</blue><alpha>102</alpha></color>
				<color><!-- 12 --><red>  0</red><green>  0</green><blue>  0</blue><alpha>153</alpha></color>
				<color><!-- 13 --><red>  0</red><green>  0</green><blue>  0</blue><alpha>204</alpha></color>
				
				<color><!-- 14 --><red>  0</red><green>  0</green><blue>  0</blue><alpha>255</alpha></color>
				
				<color><!-- 15 --><red>  0</red><green>  0</green><blue>  0</blue><alpha>255</alpha></color>
				<color><!-- 16 --><red>  0</red><green>  0</green><blue>  0</blue><alpha>255</alpha></color>
				<color><!-- 17 --><red>  0</red><green>  0</green><blue>  0</blue><alpha>255</alpha></color>
				<color><!-- 18 --><red>  0</red><green>  0</green><blue>  0</blue><alpha>255</alpha></color>
				<color><!-- 19 --><red>  0</red><green>  0</green><blue>  0</blue><alpha>255</alpha></color>
				<color><!-- 20 --><red>202</red><green>221</green><blue> 92</blue><alpha>255</alpha></color>
				<color><!-- 21 --><red>  0</red><green>  0</green><blue>  0</blue><alpha>255</alpha></color>
				<color><!-- 22 --><red>255</red><green>255</green><blue>255</blue><alpha>255</alpha></color>
				<color><!-- 23 --><red> 60</red><green> 65</green><blue>118</blue><alpha>255</alpha></color>
				<color><!-- 24 --><red>133</red><green>172</green><blue>162</blue><alpha>255</alpha></color>
				
				<color><!-- 25 --><red>  0</red><green>  0</green><blue>  0</blue><alpha>255</alpha></color>
				<color><!-- 26 --><red>  0</red><green>  0</green><blue>  0</blue><alpha>255</alpha></color>
				<color><!-- 27 --><red>  0</red><green>  0</green><blue>  0</blue><alpha>255</alpha></color>
				<color><!-- 28 --><red>  0</red><green>  0</green><blue>  0</blue><alpha>255</alpha></color>
				<color><!-- 29 --><red>  0</red><green>  0</green><blue>  0</blue><alpha>255</alpha></color>
				<color><!-- 30 --><red>  0</red><green>  0</green><blue>  0</blue><alpha>255</alpha></color>
				<color><!-- 31 --><red>  0</red><green>  0</green><blue>  0</blue><alpha>255</alpha></color>
				
				
				<!-- Background colors -->
				<color><!--  0 --><red>  0</red><green>  0</green><blue>  0</blue><alpha>  0</alpha></color>
				<color><!--  1 --><red>  0</red><green>  0</green><blue>  0</blue><alpha>  0</alpha></color>
				<color><!--  2 --><red>  0</red><green>  0</green><blue>  0</blue><alpha>  0</alpha></color>
				<color><!--  3 --><red>  0</red><green>  0</green><blue>  0</blue><alpha>  0</alpha></color>
				<color><!--  4 --><red>  0</red><green>  0</green><blue>  0</blue><alpha>  0</alpha></color>
				<color><!--  5 --><red>  0</red><green>  0</green><blue>  0</blue><alpha>  0</alpha></color>
				<color><!--  6 --><red>  0</red><green>  0</green><blue>  0</blue><alpha>  0</alpha></color>
				<color><!--  7 --><red>  0</red><green>  0</green><blue>  0</blue><alpha>  0</alpha></color>
				<color><!--  8 --><red>  0</red><green>  0</green><blue>  0</blue><alpha>  0</alpha></color>
				
				<color><!--  9 --><red>  0</red><green>  0</green><blue>  0</blue><alpha>  0</alpha></color>
				<color><!-- 10 --><red>  0</red><green>  0</green><blue>  0</blue><alpha>  0</alpha></color>
				<color><!-- 11 --><red>  0</red><green>  0</green><blue>  0</blue><alpha>  0</alpha></color>
				<color><!-- 12 --><red>  0</red><green>  0</green><blue>  0</blue><alpha>  0</alpha></color>
				<color><!-- 13 --><red>  0</red><green>  0</green><blue>  0</blue><alpha>  0</alpha></color>
				
				<color><!-- 14 --><red>  0</red><green>  0</green><blue>  0</blue><alpha>  0</alpha></color>
				
				<color><!-- 15 --><red>  0</red><green>  0</green><blue>  0</blue><alpha> 51</alpha></color>
				<color><!-- 16 --><red>  0</red><green>  0</green><blue>  0</blue><alpha>102</alpha></color>
				<color><!-- 17 --><red>  0</red><green>  0</green><blue>  0</blue><alpha>153</alpha></color>
				<color><!-- 18 --><red>  0</red><green>  0</green><blue>  0</blue><alpha>204</alpha></color>
				<color><!-- 19 --><red>  0</red><green>  0</green><blue>  0</blue><alpha>255</alpha></color>
				<color><!-- 20 --><red>  0</red><green>  0</green><blue>  0</blue><alpha>255</alpha></color>
				<color><!-- 21 --><red>255</red><green>255</green><blue>255</blue><alpha>255</alpha></color>
				<color><!-- 22 --><red>  0</red><green>  0</green><blue>  0</blue><alpha>255</alpha></color>
				<color><!-- 23 --><red>133</red><green>172</green><blue>162</blue><alpha>255</alpha></color>
				<color><!-- 24 --><red> 60</red><green> 65</green><blue>118</blue><alpha>255</alpha></color>
				
				<color><!-- 25 --><red>  0</red><green>  0</green><blue>  0</blue><alpha>  0</alpha></color>
				<color><!-- 26 --><red>  0</red><green>  0</green><blue>  0</blue><alpha>  0</alpha></color>
				<color><!-- 27 --><red>  0</red><green>  0</green><blue>  0</blue><alpha>  0</alpha></color>
				<color><!-- 28 --><red>  0</red><green>  0</green><blue>  0</blue><alpha>  0</alpha></color>
				<color><!-- 29 --><red>  0</red><green>  0</green><blue>  0</blue><alpha>  0</alpha></color>
				<color><!-- 30 --><red>  0</red><green>  0</green><blue>  0</blue><alpha>  0</alpha></color>
				<color><!-- 31 --><red>  0</red><green>  0</green><blue>  0</blue><alpha>  0</alpha></color>
			</colors>	
		</lcdsettings>
	</global>
    
    <orientations>
        <orientation>
            <portrait />
            
            <texturefile>
                <filename>Emu48_Real38G_38g.png</filename>
            </texturefile>

            <statusbar>
                <style>blackTranslucent</style>
            </statusbar>         
              
            <background>
                <color><red>  0</red><green>  0</green><blue>  0</blue><alpha>255</alpha></color>
            </background>
            
			<lcds>
				<lcd>
					<zorder>3</zorder>
					<screen>
						<origin><x>     29</x>    <y>      22</y>     </origin>
						<size>	<width>262</width><height>128</height></size>
					</screen>
				</lcd>
			</lcds>
            
            <faces>
                <!-- Background for lcd -->
                <face>
                    <zorder>2</zorder>
					<screen>
						<origin><x>     27</x>    <y>      20</y>     </origin>
						<size>	<width>266</width><height>132</height></size>
					</screen>
					<color><red>112</red><green>157</green><blue>114</blue><alpha>255</alpha></color>
                </face>	
                <face>
					<!-- basic view --> 
                    <zorder>1</zorder>
                    <texture>
                        <origin><x>      0</x>    <y>      32</y>     </origin>
                        <size>	<width>320</width><height>480</height></size>
                    </texture>
                    <screen>
                        <origin><x>      0</x>    <y>       0</y>     </origin>
                        <size>	<width>320</width><height>480</height></size>
                    </screen>
                </face>    
				
                <face>
					<!-- alpha view --> 
                    <zorder>3</zorder>
                    <logics>
                        <logic>XX1XXX</logic>
                    </logics>
                    <texture>
                        <origin><x>     31</x>    <y>       0</y>     </origin>
                        <size>	<width> 15</width><height> 11</height></size>
                    </texture>
                    <screen>
                        <origin><x>     10</x>    <y>      25</y>     </origin>
                        <size>	<width> 15</width><height> 11</height></size>
                    </screen>
					<color><red>  0</red><green>  0</green><blue>  0</blue><alpha>255</alpha></color>
                </face>	
				<face>
					<!-- shift left view --> 
                    <zorder>3</zorder>
                    <logics>
                        <logic>1XXXXX</logic>
                    </logics>
                    <texture>
                        <origin><x>      0</x>    <y>       0</y>     </origin>
                        <size>	<width> 15</width><height> 11</height></size>
                    </texture>
                    <screen>
                        <origin><x>     10</x>    <y>      45</y>     </origin>
                        <size>	<width> 15</width><height> 11</height></size>
                    </screen>
					<color><red>  0</red><green>  0</green><blue>  0</blue><alpha>255</alpha></color>
                </face>
                <face>
					<!-- shift right view --> 
                    <zorder>3</zorder>
                    <logics>
                        <logic>X1XXXX</logic>
                    </logics>
                    <texture>
                        <origin><x>     15</x>    <y>       0</y>     </origin>
                        <size>	<width> 16</width><height> 11</height></size>
                    </texture>
                    <screen>
                        <origin><x>     10</x>    <y>      65</y>     </origin>
                        <size>	<width> 15</width><height> 11</height></size>
                    </screen>
					<color><red>  0</red><green>  0</green><blue>  0</blue><alpha>255</alpha></color>
                </face>
                <face>
					<!-- wait view --> 
                    <zorder>3</zorder>
                    <logics>
                        <logic>XXXX1X</logic>
                    </logics>
                    <texture>
                        <origin><x>     63</x>    <y>       0</y>     </origin>
                        <size>	<width> 15</width><height> 11</height></size>
                    </texture>
                    <screen>
                        <origin><x>    296</x>    <y>      25</y>     </origin>
                        <size>	<width> 15</width><height> 11</height></size>
                    </screen>
					<color><red>  0</red><green>  0</green><blue>  0</blue><alpha>255</alpha></color>
                </face>	
                <face>
					<!-- battery view --> 
                    <zorder>3</zorder>
                    <logics>
                        <logic>XXX1XX</logic>
                    </logics>
                    <texture>
                        <origin><x>     48</x>    <y>       0</y>     </origin>
                        <size>	<width> 15</width><height> 11</height></size>
                    </texture>
                    <screen>
                        <origin><x>    295</x>    <y>      45</y>     </origin>
                        <size>	<width> 15</width><height> 11</height></size>
                    </screen>
					<color><red>  0</red><green>  0</green><blue>  0</blue><alpha>255</alpha></color>
                </face>	
                <face>
					<!-- IO view --> 
                    <zorder>3</zorder>
                    <logics>
                        <logic>XXXXX1</logic>
                    </logics>
                    <texture>
                        <origin><x>     78</x>    <y>       0</y>     </origin>
                        <size>	<width> 15</width><height> 11</height></size>
                    </texture>
                    <screen>
                        <origin><x>    295</x>    <y>      65</y>     </origin>
                        <size>	<width> 15</width><height> 11</height></size>
                    </screen>
					<color><red>  0</red><green>  0</green><blue>  0</blue><alpha>255</alpha></color>
                </face>	
            </faces>  
			  
            <buttons>			
                <button>
                    <!-- MENU -->
                    <type>menu</type>
                    <zorder>6</zorder>
					<screen>
						<origin><x>     29</x>    <y>      22</y>     </origin>
						<size>	<width>262</width><height>100</height></size>
					</screen>
                </button>
				
                <button>
                    <!-- Function 1-->
                    <type>normal</type>
                    <zorder>6</zorder>
                    <toucharea>
                        <origin><x>      4</x>    <y>     147</y>     </origin>
                        <size>  <width> 52</width><height> 37</height></size>
                    </toucharea>
                    <screen>
                        <origin><x>    -20</x>    <y>     118</y>     </origin>
                        <size>  <width>100</width><height>100</height></size>
                    </screen>
					<texture>
                        <origin><x>    412</x>    <y>       0</y>     </origin>
                        <size>  <width>100</width><height>100</height></size>
					</texture>
                    <color><red>255</red><green>255</green><blue>255</blue><alpha>255</alpha></color>
					<animation>
						<fadein>0</fadein>
						<holdon>1</holdon>
						<fadeout>10</fadeout>
					</animation>
                    <out>1</out><in>16</in>
                	<sound>
						<ondown>1</ondown>
					</sound>
                </button>
                <button>
                    <!-- Function 2-->
                    <type>normal</type>
                    <zorder>6</zorder>
                    <toucharea>
                        <origin><x>     56</x>    <y>     147</y>     </origin>
                        <size>  <width> 52</width><height> 37</height></size>
                    </toucharea>
                    <screen>
                        <origin><x>     32</x>    <y>     118</y>     </origin>
                        <size>  <width>100</width><height>100</height></size>
                    </screen>
                    <texture>
                        <origin><x>    412</x>    <y>       0</y>     </origin>
                        <size>  <width>100</width><height>100</height></size>
					</texture>
                    <color><red>255</red><green>255</green><blue>255</blue><alpha>255</alpha></color>
					<animation>
						<fadein>0</fadein>
						<holdon>1</holdon>
						<fadeout>10</fadeout>
					</animation>
                    <out>8</out><in>16</in>
                	<sound>
						<ondown>1</ondown>
					</sound>
                </button>
                <button>
                    <!-- Function 3-->
                    <type>normal</type>
                    <zorder>6</zorder>
                    <toucharea>
                        <origin><x>    108</x>    <y>     147</y>     </origin>
                        <size>  <width> 52</width><height> 37</height></size>
                    </toucharea>
                    <screen>
                        <origin><x>     84</x>    <y>     118</y>     </origin>
                        <size>  <width>100</width><height>100</height></size>
                    </screen>
                    <texture>
                        <origin><x>    412</x>    <y>       0</y>     </origin>
                        <size>  <width>100</width><height>100</height></size>
					</texture>
                    <color><red>255</red><green>255</green><blue>255</blue><alpha>255</alpha></color>
					<animation>
						<fadein>0</fadein>
						<holdon>1</holdon>
						<fadeout>10</fadeout>
					</animation>
                    <out>8</out><in>8</in>
                	<sound>
						<ondown>1</ondown>
					</sound>
                </button>
                <button>
                    <!-- Function 4-->
                    <type>normal</type>
                    <zorder>6</zorder>
                    <toucharea>
                        <origin><x>    160</x>    <y>     147</y>     </origin>
                        <size>  <width> 52</width><height> 37</height></size>
                    </toucharea>
                    <screen>
                        <origin><x>    136</x>    <y>     118</y>     </origin>
                        <size>  <width>100</width><height>100</height></size>
                    </screen>
                    <texture>
                        <origin><x>    412</x>    <y>       0</y>     </origin>
                        <size>  <width>100</width><height>100</height></size>
					</texture>
                    <color><red>255</red><green>255</green><blue>255</blue><alpha>255</alpha></color>
					<animation>
						<fadein>0</fadein>
						<holdon>1</holdon>
						<fadeout>10</fadeout>
					</animation>
                    <out>8</out><in>4</in>
                	<sound>
						<ondown>1</ondown>
					</sound>
                </button>
                <button>
                    <!-- Function 5-->
                    <type>normal</type>
                    <zorder>6</zorder>
                    <toucharea>
                        <origin><x>    212</x>    <y>     147</y>     </origin>
                        <size>  <width> 52</width><height> 37</height></size>
                    </toucharea>
                    <screen>
                        <origin><x>    188</x>    <y>     118</y>     </origin>
                        <size>  <width>100</width><height>100</height></size>
                    </screen>
                    <texture>
                        <origin><x>    412</x>    <y>       0</y>     </origin>
                        <size>  <width>100</width><height>100</height></size>
					</texture>
                    <color><red>255</red><green>255</green><blue>255</blue><alpha>255</alpha></color>
					<animation>
						<fadein>0</fadein>
						<holdon>1</holdon>
						<fadeout>10</fadeout>
					</animation>
                    <out>8</out><in>2</in>
                	<sound>
						<ondown>1</ondown>
					</sound>
                </button>
                <button>
                    <!-- Function 6-->
                    <type>normal</type>
                    <zorder>6</zorder>
                    <toucharea>
                        <origin><x>    264</x>    <y>     147</y>     </origin>
                        <size>  <width> 52</width><height> 37</height></size>
                    </toucharea>
                    <screen>
                        <origin><x>    240</x>    <y>     118</y>     </origin>
                        <size>  <width>100</width><height>100</height></size>
                    </screen>
                    <texture>
                        <origin><x>    412</x>    <y>       0</y>     </origin>
                        <size>  <width>100</width><height>100</height></size>
					</texture>
                    <color><red>255</red><green>255</green><blue>255</blue><alpha>255</alpha></color>
					<animation>
						<fadein>0</fadein>
						<holdon>1</holdon>
						<fadeout>10</fadeout>
					</animation>
                    <out>8</out><in>1</in>
                	<sound>
						<ondown>1</ondown>
					</sound>
                </button>

                <button>
                    <!-- PLOT-->
                    <type>normal</type>
                    <zorder>6</zorder>
                    <toucharea>
                        <origin><x>      4</x>    <y>     184</y>     </origin>
                        <size>  <width> 52</width><height> 37</height></size>
                    </toucharea>
                    <screen>
                        <origin><x>    -20</x>    <y>     155</y>     </origin>
                        <size>  <width>100</width><height>100</height></size>
                    </screen>
                    <texture>
                        <origin><x>    412</x>    <y>       0</y>     </origin>
                        <size>  <width>100</width><height>100</height></size>
					</texture>
                    <color><red>255</red><green>255</green><blue>255</blue><alpha>255</alpha></color>
					<animation>
						<fadein>0</fadein>
						<holdon>1</holdon>
						<fadeout>10</fadeout>
					</animation>
                    <out>2</out><in>16</in>
                	<sound>
						<ondown>1</ondown>
					</sound>
                </button>
                <button>
                    <!-- SYMB-->
                    <type>normal</type>
                    <zorder>6</zorder>
                    <toucharea>
                        <origin><x>     56</x>    <y>     184</y>     </origin>
                        <size>  <width> 52</width><height> 37</height></size>
                    </toucharea>
                    <screen>
                        <origin><x>     32</x>    <y>     155</y>     </origin>
                        <size>  <width>100</width><height>100</height></size>
                    </screen>
                    <texture>
                        <origin><x>    412</x>    <y>       0</y>     </origin>
                        <size>  <width>100</width><height>100</height></size>
					</texture>
                    <color><red>255</red><green>255</green><blue>255</blue><alpha>255</alpha></color>
					<animation>
						<fadein>0</fadein>
						<holdon>1</holdon>
						<fadeout>10</fadeout>
					</animation>
                    <out>7</out><in>16</in>
                	<sound>
						<ondown>1</ondown>
					</sound>
                </button>
                <button>
                    <!-- NUM-->
                    <type>normal</type>
                    <zorder>6</zorder>
                    <toucharea>
                        <origin><x>    108</x>    <y>     184</y>     </origin>
                        <size>  <width> 52</width><height> 37</height></size>
                    </toucharea>
                    <screen>
                        <origin><x>     84</x>    <y>     155</y>     </origin>
                        <size>  <width>100</width><height>100</height></size>
                    </screen>
                    <texture>
                        <origin><x>    412</x>    <y>       0</y>     </origin>
                        <size>  <width>100</width><height>100</height></size>
					</texture>
                    <color><red>255</red><green>255</green><blue>255</blue><alpha>255</alpha></color>
					<animation>
						<fadein>0</fadein>
						<holdon>1</holdon>
						<fadeout>10</fadeout>
					</animation>
                    <out>7</out><in>8</in>
                	<sound>
						<ondown>1</ondown>
					</sound>
                </button>               
                <button>
                    <!-- ARROW UP -->
                    <type>normal</type>
                    <zorder>6</zorder>
                    <toucharea>
                        <origin><x>    212</x>    <y>     184</y>     </origin>
                        <size>  <width> 52</width><height> 37</height></size>
                    </toucharea>
                    <screen>
                        <origin><x>    188</x>    <y>     155</y>     </origin>
                        <size>  <width>100</width><height>100</height></size>
                    </screen>
                    <texture>
                        <origin><x>    412</x>    <y>       0</y>     </origin>
                        <size>  <width>100</width><height>100</height></size>
					</texture>
                    <color><red>255</red><green>255</green><blue>255</blue><alpha>255</alpha></color>
					<animation>
						<fadein>0</fadein>
						<holdon>1</holdon>
						<fadeout>10</fadeout>
					</animation>
                    <out>7</out><in>2</in>
                	<sound>
						<ondown>1</ondown>
					</sound>
                </button>

                
                <button>
                    <!-- LIB -->
                    <type>normal</type>
                    <zorder>6</zorder>
                    <toucharea>
                        <origin><x>      4</x>    <y>     221</y>     </origin>
                        <size>  <width> 52</width><height> 37</height></size>
                    </toucharea>
                    <screen>
                        <origin><x>    -20</x>    <y>     192</y>     </origin>
                        <size>  <width>100</width><height>100</height></size>
                    </screen>
                    <texture>
                        <origin><x>    412</x>    <y>       0</y>     </origin>
                        <size>  <width>100</width><height>100</height></size>
					</texture>
                    <color><red>255</red><green>255</green><blue>255</blue><alpha>255</alpha></color>
					<animation>
						<fadein>0</fadein>
						<holdon>1</holdon>
						<fadeout>10</fadeout>
					</animation>
                    <out>0</out><in>16</in>
                	<sound>
						<ondown>1</ondown>
					</sound>
                </button>
                <button>
                    <!-- VAR -->
                    <type>normal</type>
                    <zorder>6</zorder>
                    <toucharea>
                        <origin><x>     56</x>    <y>     221</y>     </origin>
                        <size>  <width> 52</width><height> 37</height></size>
                    </toucharea>
                    <screen>
                        <origin><x>     32</x>    <y>     192</y>     </origin>
                        <size>  <width>100</width><height>100</height></size>
                    </screen>
                    <texture>
                        <origin><x>    412</x>    <y>       0</y>     </origin>
                        <size>  <width>100</width><height>100</height></size>
					</texture>
                    <color><red>255</red><green>255</green><blue>255</blue><alpha>255</alpha></color>
					<animation>
						<fadein>0</fadein>
						<holdon>1</holdon>
						<fadeout>10</fadeout>
					</animation>
                    <out>6</out><in>16</in>
                	<sound>
						<ondown>1</ondown>
					</sound>
                </button>
                <button>
                    <!-- MATH -->
                    <type>normal</type>
                    <zorder>6</zorder>
                    <toucharea>
                        <origin><x>    108</x>    <y>     221</y>     </origin>
                        <size>  <width> 52</width><height> 37</height></size>
                    </toucharea>
                    <screen>
                        <origin><x>     84</x>    <y>     192</y>     </origin>
                        <size>  <width>100</width><height>100</height></size>
                    </screen>
                    <texture>
                        <origin><x>    412</x>    <y>       0</y>     </origin>
                        <size>  <width>100</width><height>100</height></size>
					</texture>
                    <color><red>255</red><green>255</green><blue>255</blue><alpha>255</alpha></color>
					<animation>
						<fadein>0</fadein>
						<holdon>1</holdon>
						<fadeout>10</fadeout>
					</animation>
                    <out>6</out><in>8</in>
                	<sound>
						<ondown>1</ondown>
					</sound>
                </button>
                <button>
                    <!-- ARROW LEFT -->
                    <type>normal</type>
                    <zorder>6</zorder>
                    <toucharea>
                        <origin><x>    160</x>    <y>     221</y>     </origin>
                        <size>  <width> 52</width><height> 37</height></size>
                    </toucharea>
                    <screen>
                        <origin><x>    136</x>    <y>     192</y>     </origin>
                        <size>  <width>100</width><height>100</height></size>
                    </screen>
                    <texture>
                        <origin><x>    412</x>    <y>       0</y>     </origin>
                        <size>  <width>100</width><height>100</height></size>
					</texture>
                    <color><red>255</red><green>255</green><blue>255</blue><alpha>255</alpha></color>
					<animation>
						<fadein>0</fadein>
						<holdon>1</holdon>
						<fadeout>10</fadeout>
					</animation>
                    <out>6</out><in>4</in>
                	<sound>
						<ondown>1</ondown>
					</sound>
                </button>
                <button>
                    <!-- ARROW DOWN -->
                    <type>normal</type>
                    <zorder>6</zorder>
                    <toucharea>
                        <origin><x>    212</x>    <y>     221</y>     </origin>
                        <size>  <width> 52</width><height> 37</height></size>
                    </toucharea>
                    <screen>
                        <origin><x>    188</x>    <y>     192</y>     </origin>
                        <size>  <width>100</width><height>100</height></size>
                    </screen>
                    <texture>
                        <origin><x>    412</x>    <y>       0</y>     </origin>
                        <size>  <width>100</width><height>100</height></size>
					</texture>
                    <color><red>255</red><green>255</green><blue>255</blue><alpha>255</alpha></color>
					<animation>
						<fadein>0</fadein>
						<holdon>1</holdon>
						<fadeout>10</fadeout>
					</animation>
                    <out>6</out><in>2</in>
                	<sound>
						<ondown>1</ondown>
					</sound>
                </button>
                <button>
                    <!-- ARROW RIGHT -->
                    <type>normal</type>
                    <zorder>6</zorder>
                    <toucharea>
                        <origin><x>    264</x>    <y>     221</y>     </origin>
                        <size>  <width> 52</width><height> 37</height></size>
                    </toucharea>
                    <screen>
                        <origin><x>    240</x>    <y>     192</y>     </origin>
                        <size>  <width>100</width><height>100</height></size>
                    </screen>
                    <texture>
                        <origin><x>    412</x>    <y>       0</y>     </origin>
                        <size>  <width>100</width><height>100</height></size>
					</texture>
                    <color><red>255</red><green>255</green><blue>255</blue><alpha>255</alpha></color>
					<animation>
						<fadein>0</fadein>
						<holdon>1</holdon>
						<fadeout>10</fadeout>
					</animation>
                    <out>6</out><in>1</in>
                	<sound>
						<ondown>1</ondown>
					</sound>
                </button>
                
                <button>
                    <!-- HOME (A)-->
                    <type>normal</type>
                    <zorder>6</zorder>
                    <toucharea>
                        <origin><x>      4</x>    <y>     258</y>     </origin>
                        <size>  <width> 52</width><height> 37</height></size>
                    </toucharea>
                    <screen>
                        <origin><x>    -20</x>    <y>     229</y>     </origin>
                        <size>  <width>100</width><height>100</height></size>
                    </screen>
                    <texture>
                        <origin><x>    412</x>    <y>       0</y>     </origin>
                        <size>  <width>100</width><height>100</height></size>
					</texture>
                    <color><red>255</red><green>255</green><blue>255</blue><alpha>255</alpha></color>
					<animation>
						<fadein>0</fadein>
						<holdon>1</holdon>
						<fadeout>10</fadeout>
					</animation>
                    <out>3</out><in>16</in>
                	<sound>
						<ondown>1</ondown>
					</sound>
                </button>
                <button>
                    <!-- SIN (B) -->
                    <type>normal</type>
                    <zorder>6</zorder>
                    <toucharea>
                        <origin><x>     56</x>    <y>     258</y>     </origin>
                        <size>  <width> 52</width><height> 37</height></size>
                    </toucharea>
                    <screen>
                        <origin><x>     32</x>    <y>     229</y>     </origin>
                        <size>  <width>100</width><height>100</height></size>
                    </screen>
                    <texture>
                        <origin><x>    412</x>    <y>       0</y>     </origin>
                        <size>  <width>100</width><height>100</height></size>
					</texture>
                    <color><red>255</red><green>255</green><blue>255</blue><alpha>255</alpha></color>
					<animation>
						<fadein>0</fadein>
						<holdon>1</holdon>
						<fadeout>10</fadeout>
					</animation>
                    <out>5</out><in>16</in>
                	<sound>
						<ondown>1</ondown>
					</sound>
                </button>
                <button>
                    <!-- COS (C) -->
                    <type>normal</type>
                    <zorder>6</zorder>
                    <toucharea>
                        <origin><x>    108</x>    <y>     258</y>     </origin>
                        <size>  <width> 52</width><height> 37</height></size>
                    </toucharea>
                    <screen>
                        <origin><x>     84</x>    <y>     229</y>     </origin>
                        <size>  <width>100</width><height>100</height></size>
                    </screen>
                    <texture>
                        <origin><x>    412</x>    <y>       0</y>     </origin>
                        <size>  <width>100</width><height>100</height></size>
					</texture>
                    <color><red>255</red><green>255</green><blue>255</blue><alpha>255</alpha></color>
					<animation>
						<fadein>0</fadein>
						<holdon>1</holdon>
						<fadeout>10</fadeout>
					</animation>
                    <out>5</out><in>8</in>
                	<sound>
						<ondown>1</ondown>
					</sound>
                </button>
                <button>
                    <!-- TAN (D)-->
                    <type>normal</type>
                    <zorder>6</zorder>
                    <toucharea>
                        <origin><x>    160</x>    <y>     258</y>     </origin>
                        <size>  <width> 52</width><height> 37</height></size>
                    </toucharea>
                    <screen>
                        <origin><x>    136</x>    <y>     229</y>     </origin>
                        <size>  <width>100</width><height>100</height></size>
                    </screen>
                    <texture>
                        <origin><x>    412</x>    <y>       0</y>     </origin>
                        <size>  <width>100</width><height>100</height></size>
					</texture>
                    <color><red>255</red><green>255</green><blue>255</blue><alpha>255</alpha></color>
					<animation>
						<fadein>0</fadein>
						<holdon>1</holdon>
						<fadeout>10</fadeout>
					</animation>
                    <out>5</out><in>4</in>
                	<sound>
						<ondown>1</ondown>
					</sound>
                </button>
                <button>
                    <!-- X,T (E)-->
                    <type>normal</type>
                    <zorder>6</zorder>
                    <toucharea>
                        <origin><x>    212</x>    <y>     258</y>     </origin>
                        <size>  <width> 52</width><height> 37</height></size>
                    </toucharea>
                    <screen>
                        <origin><x>    188</x>    <y>     229</y>     </origin>
                        <size>  <width>100</width><height>100</height></size>
                    </screen>
                    <texture>
                        <origin><x>    412</x>    <y>       0</y>     </origin>
                        <size>  <width>100</width><height>100</height></size>
					</texture>
                    <color><red>255</red><green>255</green><blue>255</blue><alpha>255</alpha></color>
					<animation>
						<fadein>0</fadein>
						<holdon>1</holdon>
						<fadeout>10</fadeout>
					</animation>
                    <out>5</out><in>2</in>
                	<sound>
						<ondown>1</ondown>
					</sound>
                </button>
                <button>
                    <!-- SQRT (F) -->
                    <type>normal</type>
                    <zorder>6</zorder>
                    <toucharea>
                        <origin><x>    264</x>    <y>     258</y>     </origin>
                        <size>  <width> 52</width><height> 37</height></size>
                    </toucharea>
                    <screen>
                        <origin><x>    240</x>    <y>     229</y>     </origin>
                        <size>  <width>100</width><height>100</height></size>
                    </screen>
                    <texture>
                        <origin><x>    412</x>    <y>       0</y>     </origin>
                        <size>  <width>100</width><height>100</height></size>
					</texture>
                    <color><red>255</red><green>255</green><blue>255</blue><alpha>255</alpha></color>
					<animation>
						<fadein>0</fadein>
						<holdon>1</holdon>
						<fadeout>10</fadeout>
					</animation>
                    <out>5</out><in>1</in>
                	<sound>
						<ondown>1</ondown>
					</sound>
                </button>
                
                <button>
                    <!-- ENTER -->
                    <type>normal</type>
                    <zorder>6</zorder>
                    <toucharea>
                        <origin><x>      4</x>    <y>     295</y>     </origin>
                        <size>  <width>104</width><height> 37</height></size>
                    </toucharea>
                    <screen>
                        <origin><x>      6</x>    <y>     266</y>     </origin>
                        <size>  <width>100</width><height>100</height></size>
                    </screen>
                    <texture>
                        <origin><x>    412</x>    <y>       0</y>     </origin>
                        <size>  <width>100</width><height>100</height></size>
					</texture>
                    <color><red>255</red><green>255</green><blue>255</blue><alpha>255</alpha></color>
					<animation>
						<fadein>0</fadein>
						<holdon>1</holdon>
						<fadeout>10</fadeout>
					</animation>
                    <out>4</out><in>16</in>
                	<sound>
						<ondown>1</ondown>
					</sound>
                </button>
                <button>
                    <!-- ( (G) -->
                    <type>normal</type>
                    <zorder>6</zorder>
                    <toucharea>
                        <origin><x>    108</x>    <y>     295</y>     </origin>
                        <size>  <width> 52</width><height> 37</height></size>
                    </toucharea>
                    <screen>
                        <origin><x>     84</x>    <y>     266</y>     </origin>
                        <size>  <width>100</width><height>100</height></size>
                    </screen>
                    <texture>
                        <origin><x>    412</x>    <y>       0</y>     </origin>
                        <size>  <width>100</width><height>100</height></size>
					</texture>
                    <color><red>255</red><green>255</green><blue>255</blue><alpha>255</alpha></color>
					<animation>
						<fadein>0</fadein>
						<holdon>1</holdon>
						<fadeout>10</fadeout>
					</animation>
                    <out>4</out><in>8</in>
                	<sound>
						<ondown>1</ondown>
					</sound>
                </button>
                <button>
                    <!-- ) (H) -->
                    <type>normal</type>
                    <zorder>6</zorder>
                    <toucharea>
                        <origin><x>    160</x>    <y>     295</y>     </origin>
                        <size>  <width> 52</width><height> 37</height></size>
                    </toucharea>
                    <screen>
                        <origin><x>    136</x>    <y>     266</y>     </origin>
                        <size>  <width>100</width><height>100</height></size>
                    </screen>
                    <texture>
                        <origin><x>    412</x>    <y>       0</y>     </origin>
                        <size>  <width>100</width><height>100</height></size>
					</texture>
                    <color><red>255</red><green>255</green><blue>255</blue><alpha>255</alpha></color>
					<animation>
						<fadein>0</fadein>
						<holdon>1</holdon>
						<fadeout>10</fadeout>
					</animation>
                    <out>4</out><in>4</in>
                	<sound>
						<ondown>1</ondown>
					</sound>
                </button>
                <button>
                    <!-- -X (I)-->
                    <type>normal</type>
                    <zorder>6</zorder>
                    <toucharea>
                        <origin><x>    212</x>    <y>     295</y>     </origin>
                        <size>  <width> 52</width><height> 37</height></size>
                    </toucharea>
                    <screen>
                        <origin><x>    188</x>    <y>     266</y>     </origin>
                        <size>  <width>100</width><height>100</height></size>
                    </screen>
                    <texture>
                        <origin><x>    412</x>    <y>       0</y>     </origin>
                        <size>  <width>100</width><height>100</height></size>
					</texture>
                    <color><red>255</red><green>255</green><blue>255</blue><alpha>255</alpha></color>
					<animation>
						<fadein>0</fadein>
						<holdon>1</holdon>
						<fadeout>10</fadeout>
					</animation>
                    <out>4</out><in>2</in>
                	<sound>
						<ondown>1</ondown>
					</sound>
                </button>
                <button>
                    <!-- Y^Y (J) -->
                    <type>normal</type>
                    <zorder>6</zorder>
                    <toucharea>
                        <origin><x>    264</x>    <y>     295</y>     </origin>
                        <size>  <width> 52</width><height> 37</height></size>
                    </toucharea>
                    <screen>
                        <origin><x>    240</x>    <y>     266</y>     </origin>
                        <size>  <width>100</width><height>100</height></size>
                    </screen>
                    <texture>
                        <origin><x>    412</x>    <y>       0</y>     </origin>
                        <size>  <width>100</width><height>100</height></size>
					</texture>
                    <color><red>255</red><green>255</green><blue>255</blue><alpha>255</alpha></color>
					<animation>
						<fadein>0</fadein>
						<holdon>1</holdon>
						<fadeout>10</fadeout>
					</animation>
                    <out>4</out><in>1</in>
                	<sound>
						<ondown>1</ondown>
					</sound>
                </button>
                
                <button>
                    <!-- A...Z -->
                    <type>normal</type>
                    <zorder>6</zorder>
                    <toucharea>
                        <origin><x>      4</x>    <y>     332</y>     </origin>
                        <size>  <width> 52</width><height> 37</height></size>
                    </toucharea>
                    <screen>
                        <origin><x>    -20</x>    <y>     303</y>     </origin>
                        <size>  <width>100</width><height>100</height></size>
                    </screen>
                    <texture>
                        <origin><x>    412</x>    <y>       0</y>     </origin>
                        <size>  <width>100</width><height>100</height></size>
					</texture>
                    <color><red>255</red><green>255</green><blue>255</blue><alpha>255</alpha></color>
					<animation>
						<fadein>0</fadein>
						<holdon>1</holdon>
						<fadeout>10</fadeout>
					</animation>
                    <out>3</out><in>32</in>
                	<sound>
						<ondown>1</ondown>
					</sound>
                </button>
                <button>
                    <!-- 7 (K) -->
                    <type>normal</type>
                    <zorder>6</zorder>
                    <toucharea>
                        <origin><x>     60</x>    <y>     332</y>     </origin>
                        <size>  <width> 65</width><height> 37</height></size>
                    </toucharea>
                    <screen>
                        <origin><x>     43</x>    <y>     303</y>     </origin>
                        <size>  <width>100</width><height>100</height></size>
                    </screen>
                    <texture>
                        <origin><x>    412</x>    <y>       0</y>     </origin>
                        <size>  <width>100</width><height>100</height></size>
					</texture>
                    <color><red>255</red><green>255</green><blue>255</blue><alpha>255</alpha></color>
					<animation>
						<fadein>0</fadein>
						<holdon>1</holdon>
						<fadeout>10</fadeout>
					</animation>
                    <out>3</out><in>8</in>
                	<sound>
						<ondown>1</ondown>
					</sound>
                </button>
                <button>
                    <!-- 8 (L) -->
                    <type>normal</type>
                    <zorder>6</zorder>
                    <toucharea>
                        <origin><x>    125</x>    <y>     332</y>     </origin>
                        <size>  <width> 65</width><height> 37</height></size>
                    </toucharea>
                    <screen>
                        <origin><x>    108</x>    <y>     303</y>     </origin>
                        <size>  <width>100</width><height>100</height></size>
                    </screen>
                    <texture>
                        <origin><x>    412</x>    <y>       0</y>     </origin>
                        <size>  <width>100</width><height>100</height></size>
					</texture>
                    <color><red>255</red><green>255</green><blue>255</blue><alpha>255</alpha></color>
					<animation>
						<fadein>0</fadein>
						<holdon>1</holdon>
						<fadeout>10</fadeout>
					</animation>
                    <out>3</out><in>4</in>
                	<sound>
						<ondown>1</ondown>
					</sound>
                </button>
                <button>
                    <!-- 9 (M) -->
                    <type>normal</type>
                    <zorder>6</zorder>
                    <toucharea>
                        <origin><x>    190</x>    <y>     332</y>     </origin>
                        <size>  <width> 65</width><height> 37</height></size>
                    </toucharea>
                    <screen>
                        <origin><x>    173</x>    <y>     303</y>     </origin>
                        <size>  <width>100</width><height>100</height></size>
                    </screen>
                    <texture>
                        <origin><x>    412</x>    <y>       0</y>     </origin>
                        <size>  <width>100</width><height>100</height></size>
					</texture>
                    <color><red>255</red><green>255</green><blue>255</blue><alpha>255</alpha></color>
					<animation>
						<fadein>0</fadein>
						<holdon>1</holdon>
						<fadeout>10</fadeout>
					</animation>
                    <out>3</out><in>2</in>
                	<sound>
						<ondown>1</ondown>
					</sound>
                </button>
                <button>
                    <!-- / (N) -->
                    <type>normal</type>
                    <zorder>6</zorder>
                    <toucharea>
                        <origin><x>    255</x>    <y>     332</y>     </origin>
                        <size>  <width> 65</width><height> 37</height></size>
                    </toucharea>
                    <screen>
                        <origin><x>    238</x>    <y>     303</y>     </origin>
                        <size>  <width>100</width><height>100</height></size>
                    </screen>
                    <texture>
                        <origin><x>    412</x>    <y>       0</y>     </origin>
                        <size>  <width>100</width><height>100</height></size>
					</texture>
                    <color><red>255</red><green>255</green><blue>255</blue><alpha>255</alpha></color>
					<animation>
						<fadein>0</fadein>
						<holdon>1</holdon>
						<fadeout>10</fadeout>
					</animation>
                    <out>3</out><in>1</in>
                	<sound>
						<ondown>1</ondown>
					</sound>
                </button>
                
                <button>
                    <!-- SHIFT -->
                    <type>normal</type>
                    <zorder>6</zorder>
                    <toucharea>
                        <origin><x>      4</x>    <y>     369</y>     </origin>
                        <size>  <width> 52</width><height> 37</height></size>
                    </toucharea>
                    <screen>
                        <origin><x>    -20</x>    <y>     340</y>     </origin>
                        <size>  <width>100</width><height>100</height></size>
                    </screen>
                    <texture>
                        <origin><x>    412</x>    <y>       0</y>     </origin>
                        <size>  <width>100</width><height>100</height></size>
					</texture>
                    <color><red>255</red><green>255</green><blue>255</blue><alpha>255</alpha></color>
					<animation>
						<fadein>0</fadein>
						<holdon>1</holdon>
						<fadeout>10</fadeout>
					</animation>
                    <out>2</out><in>32</in>
                	<sound>
						<ondown>1</ondown>
					</sound>
                </button>
                <button>
                    <!-- 4 (O) -->
                    <type>normal</type>
                    <zorder>6</zorder>
                    <toucharea>
                        <origin><x>     50</x>    <y>     369</y>     </origin>
                        <size>  <width> 65</width><height> 37</height></size>
                    </toucharea>
                    <screen>
                        <origin><x>     43</x>    <y>     340</y>     </origin>
                        <size>  <width>100</width><height>100</height></size>
                    </screen>
                    <texture>
                        <origin><x>    412</x>    <y>       0</y>     </origin>
                        <size>  <width>100</width><height>100</height></size>
					</texture>
                    <color><red>255</red><green>255</green><blue>255</blue><alpha>255</alpha></color>
					<animation>
						<fadein>0</fadein>
						<holdon>1</holdon>
						<fadeout>10</fadeout>
					</animation>
                    <out>2</out><in>8</in>
                	<sound>
						<ondown>1</ondown>
					</sound>
                </button>
                <button>
                    <!-- 5 (P) -->
                    <type>normal</type>
                    <zorder>6</zorder>
                    <toucharea>
                        <origin><x>    125</x>    <y>     369</y>     </origin>
                        <size>  <width> 65</width><height> 37</height></size>
                    </toucharea>
                    <screen>
                        <origin><x>    108</x>    <y>     340</y>     </origin>
                        <size>  <width>100</width><height>100</height></size>
                    </screen>
                    <texture>
                        <origin><x>    412</x>    <y>       0</y>     </origin>
                        <size>  <width>100</width><height>100</height></size>
					</texture>
                    <color><red>255</red><green>255</green><blue>255</blue><alpha>255</alpha></color>
					<animation>
						<fadein>0</fadein>
						<holdon>1</holdon>
						<fadeout>10</fadeout>
					</animation>
                    <out>2</out><in>4</in>
                	<sound>
						<ondown>1</ondown>
					</sound>
                </button>
                <button>
                    <!-- 6 (Q) -->
                    <type>normal</type>
                    <zorder>6</zorder>
                    <toucharea>
                        <origin><x>    190</x>    <y>     369</y>     </origin>
                        <size>  <width> 65</width><height> 37</height></size>
                    </toucharea>
                    <screen>
                        <origin><x>    173</x>    <y>     340</y>     </origin>
                        <size>  <width>100</width><height>100</height></size>
                    </screen>
                    <texture>
                        <origin><x>    412</x>    <y>       0</y>     </origin>
                        <size>  <width>100</width><height>100</height></size>
					</texture>
                    <color><red>255</red><green>255</green><blue>255</blue><alpha>255</alpha></color>
					<animation>
						<fadein>0</fadein>
						<holdon>1</holdon>
						<fadeout>10</fadeout>
					</animation>
                    <out>2</out><in>2</in>
                	<sound>
						<ondown>1</ondown>
					</sound>
                </button>
                <button>
                    <!-- * (R) -->
                    <type>normal</type>
                    <zorder>6</zorder>
                    <toucharea>
                        <origin><x>    255</x>    <y>     369</y>     </origin>
                        <size>  <width> 65</width><height> 37</height></size>
                    </toucharea>
                    <screen>
                        <origin><x>    238</x>    <y>     340</y>     </origin>
                        <size>  <width>100</width><height>100</height></size>
                    </screen>
                    <texture>
                        <origin><x>    412</x>    <y>       0</y>     </origin>
                        <size>  <width>100</width><height>100</height></size>
					</texture>
                    <color><red>255</red><green>255</green><blue>255</blue><alpha>255</alpha></color>
					<animation>
						<fadein>0</fadein>
						<holdon>1</holdon>
						<fadeout>10</fadeout>
					</animation>
                    <out>2</out><in>1</in>
                	<sound>
						<ondown>1</ondown>
					</sound>
                </button>
                
                <button>
                    <!-- DEL -->
                    <type>normal</type>
                    <zorder>6</zorder>
                    <toucharea>
                        <origin><x>      4</x>    <y>     406</y>     </origin>
                        <size>  <width> 52</width><height> 37</height></size>
                    </toucharea>
                    <screen>
                        <origin><x>    -20</x>    <y>     377</y>     </origin>
                        <size>  <width>100</width><height>100</height></size>
                    </screen>
                    <texture>
                        <origin><x>    412</x>    <y>       0</y>     </origin>
                        <size>  <width>100</width><height>100</height></size>
					</texture>
                    <color><red>255</red><green>255</green><blue>255</blue><alpha>255</alpha></color>
					<animation>
						<fadein>0</fadein>
						<holdon>1</holdon>
						<fadeout>10</fadeout>
					</animation>
                    <out>1</out><in>32</in>
                	<sound>
						<ondown>1</ondown>
					</sound>
                </button>
                <button>
                    <!-- 1 (S) -->
                    <type>normal</type>
                    <zorder>6</zorder>
                    <toucharea>
                        <origin><x>     60</x>    <y>     406</y>     </origin>
                        <size>  <width> 65</width><height> 37</height></size>
                    </toucharea>
                    <screen>
                        <origin><x>     43</x>    <y>     377</y>     </origin>
                        <size>  <width>100</width><height>100</height></size>
                    </screen>
                    <texture>
                        <origin><x>    412</x>    <y>       0</y>     </origin>
                        <size>  <width>100</width><height>100</height></size>
					</texture>
                    <color><red>255</red><green>255</green><blue>255</blue><alpha>255</alpha></color>
					<animation>
						<fadein>0</fadein>
						<holdon>1</holdon>
						<fadeout>10</fadeout>
					</animation>
                    <out>1</out><in>8</in>
                	<sound>
						<ondown>1</ondown>
					</sound>
                </button>
                <button>
                    <!-- 2 (T) -->
                    <type>normal</type>
                    <zorder>6</zorder>
                    <toucharea>
                        <origin><x>    125</x>    <y>     406</y>     </origin>
                        <size>  <width> 65</width><height> 37</height></size>
                    </toucharea>
                    <screen>
                        <origin><x>    108</x>    <y>     377</y>     </origin>
                        <size>  <width>100</width><height>100</height></size>
                    </screen>
                    <texture>
                        <origin><x>    412</x>    <y>       0</y>     </origin>
                        <size>  <width>100</width><height>100</height></size>
					</texture>
                    <color><red>255</red><green>255</green><blue>255</blue><alpha>255</alpha></color>
					<animation>
						<fadein>0</fadein>
						<holdon>1</holdon>
						<fadeout>10</fadeout>
					</animation>
                    <out>1</out><in>4</in>
                	<sound>
						<ondown>1</ondown>
					</sound>
                </button>
                <button>
                    <!-- 3 (U) -->
                    <type>normal</type>
                    <zorder>6</zorder>
                    <toucharea>
                        <origin><x>    190</x>    <y>     406</y>     </origin>
                        <size>  <width> 65</width><height> 37</height></size>
                    </toucharea>
                    <screen>
                        <origin><x>    173</x>    <y>     377</y>     </origin>
                        <size>  <width>100</width><height>100</height></size>
                    </screen>
                    <texture>
                        <origin><x>    412</x>    <y>       0</y>     </origin>
                        <size>  <width>100</width><height>100</height></size>
					</texture>
                    <color><red>255</red><green>255</green><blue>255</blue><alpha>255</alpha></color>
					<animation>
						<fadein>0</fadein>
						<holdon>1</holdon>
						<fadeout>10</fadeout>
					</animation>
                    <out>1</out><in>2</in>
                	<sound>
						<ondown>1</ondown>
					</sound>
                </button>
                <button>
                    <!-- - (V) -->
                    <type>normal</type>
                    <zorder>6</zorder>
                    <toucharea>
                        <origin><x>    255</x>    <y>     406</y>     </origin>
                        <size>  <width> 65</width><height> 37</height></size>
                    </toucharea>
                    <screen>
                        <origin><x>    238</x>    <y>     377</y>     </origin>
                        <size>  <width>100</width><height>100</height></size>
                    </screen>
                    <texture>
                        <origin><x>    412</x>    <y>       0</y>     </origin>
                        <size>  <width>100</width><height>100</height></size>
					</texture>
                    <color><red>255</red><green>255</green><blue>255</blue><alpha>255</alpha></color>
					<animation>
						<fadein>0</fadein>
						<holdon>1</holdon>
						<fadeout>10</fadeout>
					</animation>
                    <out>1</out><in>1</in>
                	<sound>
						<ondown>1</ondown>
					</sound>
                </button>
                
                <button>
                    <!-- ON -->
                    <type>normal</type>
                    <zorder>6</zorder>
                    <toucharea>
                        <origin><x>      4</x>    <y>     443</y>     </origin>
                        <size>  <width> 52</width><height> 37</height></size>
                    </toucharea>
                    <screen>
                        <origin><x>    -20</x>    <y>     414</y>     </origin>
                        <size>  <width>100</width><height>100</height></size>
                    </screen>
                    <texture>
                        <origin><x>    412</x>    <y>       0</y>     </origin>
                        <size>  <width>100</width><height>100</height></size>
					</texture>
                    <color><red>255</red><green>255</green><blue>255</blue><alpha>255</alpha></color>
					<animation>
						<fadein>0</fadein>
						<holdon>1</holdon>
						<fadeout>10</fadeout>
					</animation>
                    <out>0</out><in>32768</in>
                	<sound>
						<ondown>1</ondown>
					</sound>
                </button>
                <button>
                    <!-- 0 (W) -->
                    <type>normal</type>
                    <zorder>6</zorder>
                    <toucharea>
                        <origin><x>     60</x>    <y>     443</y>     </origin>
                        <size>  <width> 65</width><height> 37</height></size>
                    </toucharea>
                    <screen>
                        <origin><x>     43</x>    <y>     414</y>     </origin>
                        <size>  <width>100</width><height>100</height></size>
                    </screen>
                    <texture>
                        <origin><x>    412</x>    <y>       0</y>     </origin>
                        <size>  <width>100</width><height>100</height></size>
					</texture>
                    <color><red>255</red><green>255</green><blue>255</blue><alpha>255</alpha></color>
					<animation>
						<fadein>0</fadein>
						<holdon>1</holdon>
						<fadeout>10</fadeout>
					</animation>
                    <out>0</out><in>8</in>
                	<sound>
						<ondown>1</ondown>
					</sound>
                </button>
                <button>
                    <!-- . (X) -->
                    <type>normal</type>
                    <zorder>6</zorder>
                    <toucharea>
                        <origin><x>    125</x>    <y>     443</y>     </origin>
                        <size>  <width> 65</width><height> 37</height></size>
                    </toucharea>
                    <screen>
                        <origin><x>    108</x>    <y>     414</y>     </origin>
                        <size>  <width>100</width><height>100</height></size>
                    </screen>
                    <texture>
                        <origin><x>    412</x>    <y>       0</y>     </origin>
                        <size>  <width>100</width><height>100</height></size>
					</texture>
                    <color><red>255</red><green>255</green><blue>255</blue><alpha>255</alpha></color>
					<animation>
						<fadein>0</fadein>
						<holdon>1</holdon>
						<fadeout>10</fadeout>
					</animation>
                    <out>0</out><in>4</in>
                	<sound>
						<ondown>1</ondown>
					</sound>
                </button>
                <button>
                    <!-- , (Y) -->
                    <type>normal</type>
                    <zorder>6</zorder>
                    <toucharea>
                        <origin><x>    190</x>    <y>     443</y>     </origin>
                        <size>  <width> 65</width><height> 37</height></size>
                    </toucharea>
                    <screen>
                        <origin><x>    173</x>    <y>     414</y>     </origin>
                        <size>  <width>100</width><height>100</height></size>
                    </screen>
                    <texture>
                        <origin><x>    412</x>    <y>       0</y>     </origin>
                        <size>  <width>100</width><height>100</height></size>
					</texture>
                    <color><red>255</red><green>255</green><blue>255</blue><alpha>255</alpha></color>
					<animation>
						<fadein>0</fadein>
						<holdon>1</holdon>
						<fadeout>10</fadeout>
					</animation>
                    <out>0</out><in>2</in>
                	<sound>
						<ondown>1</ondown>
					</sound>
                </button>
                <button>
                    <!-- + (Z) -->
                    <type>normal</type>
                    <zorder>6</zorder>
                    <toucharea>
                        <origin><x>    255</x>    <y>     443</y>     </origin>
                        <size>  <width> 65</width><height> 37</height></size>
                    </toucharea>
                    <screen>
                        <origin><x>    238</x>    <y>     414</y>     </origin>
                        <size>  <width>100</width><height>100</height></size>
                    </screen>
                    <texture>
                        <origin><x>    412</x>    <y>       0</y>     </origin>
                        <size>  <width>100</width><height>100</height></size>
					</texture>
                    <color><red>255</red><green>255</green><blue>255</blue><alpha>255</alpha></color>
					<animation>
						<fadein>0</fadein>
						<holdon>1</holdon>
						<fadeout>10</fadeout>
					</animation>
                    <out>0</out><in>1</in>
                	<sound>
						<ondown>1</ondown>
					</sound>
                </button>
            </buttons>
        </orientation>
    </orientations>
</m48SkinFile>
